benchmark,architecture,memory_mb,timeout_sec,concurrency,invocations,failed_invocations,success_rate,rounds,cold_rate,successful_invocations,mean_client_latency_ms,p50_latency_ms,p95_latency_ms,p99_latency_ms,profile_source,warm_only_successful_invocations,warm_only_mean_client_latency_ms,warm_only_p50_latency_ms,warm_only_p95_latency_ms,warm_only_p99_latency_ms,warm_mean_client_latency_ms,warm_p50_latency_ms,warm_p95_latency_ms,warm_p99_latency_ms,latency_slowdown_mean,latency_slowdown_p50,latency_slowdown_p95,latency_slowdown_p99
110.dynamic-html,arm64,128,60,1,5,0,1.0,5,0.0,5,28.632799999999996,28.799,29.112,29.121599999999997,measured,5,28.632799999999996,28.799,29.112,29.121599999999997,29.216,29.059,31.147,31.332600000000003,0.9800383351588169,0.9910526859148628,0.9346646547018974,0.9294345186802243
110.dynamic-html,arm64,128,60,2,10,0,1.0,5,0.0,10,25.949599999999997,25.889499999999998,30.70005,30.83361,measured,10,25.949599999999997,25.889499999999998,30.70005,30.83361,29.216,29.059,31.147,31.332600000000003,0.8881982475355968,0.89092880002753,0.9856503034000065,0.9840744145075735
110.dynamic-html,arm64,128,60,4,20,0,1.0,5,0.1,20,87.39155,33.841499999999996,543.9616500000001,566.33073,measured,18,35.18988888888889,29.442,50.25174999999992,85.79194999999991,29.216,29.059,31.147,31.332600000000003,1.2044731958135573,1.0131800819023367,1.6133736796481177,2.73810504075627
110.dynamic-html,arm64,128,120,1,5,0,1.0,5,0.0,5,28.308999999999997,28.208,28.613799999999998,28.69156,measured,5,28.308999999999997,28.208,28.613799999999998,28.69156,29.093333333333334,28.808,29.7809,29.86738,0.9730407882676443,0.9791724520966397,0.9608104523369004,0.9606319670490012
110.dynamic-html,arm64,128,120,2,10,0,1.0,5,0.0,10,28.2015,27.4105,31.757749999999998,32.19155,measured,10,28.2015,27.4105,31.757749999999998,32.19155,29.093333333333334,28.808,29.7809,29.86738,0.9693457836846929,0.9514891696750902,1.0663797937604302,1.077816333404537
110.dynamic-html,arm64,128,120,4,20,0,1.0,5,0.0,20,31.276850000000003,29.5185,44.1285,48.57449999999999,measured,20,31.276850000000003,29.5185,44.1285,48.57449999999999,29.093333333333334,28.808,29.7809,29.86738,1.0750521310724108,1.0246632879755624,1.4817718739191899,1.626339504837719
110.dynamic-html,arm64,128,300,1,5,0,1.0,5,0.0,5,28.531,28.579,28.8594,28.87828,measured,5,28.531,28.579,28.8594,28.87828,28.284666666666663,28.414,28.4482,28.45124,1.0087090767671532,1.005806996550996,1.0144543415752139,1.0150095391272929
110.dynamic-html,arm64,128,300,2,10,0,1.0,5,0.0,10,30.559500000000003,30.947499999999998,33.43705,34.16101,measured,10,30.559500000000003,30.947499999999998,33.43705,34.16101,28.284666666666663,28.414,28.4482,28.45124,1.0804263794281945,1.0891637924966564,1.1753661040065804,1.200686156385451
110.dynamic-html,arm64,128,300,4,20,0,1.0,5,0.0,20,30.410050000000002,28.7625,41.06195,43.021989999999995,measured,20,30.410050000000002,28.7625,41.06195,43.021989999999995,28.284666666666663,28.414,28.4482,28.45124,1.0751425978739955,1.0122650805940732,1.4433936066253754,1.5121305784914822
110.dynamic-html,arm64,128,900,1,5,0,1.0,5,0.0,5,30.8334,30.983,32.3944,32.62288,measured,5,30.8334,30.983,32.3944,32.62288,26.658,26.449,28.2436,28.40312,1.1566284042313753,1.1714242504442511,1.14696426801116,1.1485667771709587
110.dynamic-html,arm64,128,900,2,10,0,1.0,5,0.0,10,33.8073,34.461,36.28015,36.58723,measured,10,33.8073,34.461,36.28015,36.58723,26.658,26.449,28.2436,28.40312,1.2681859104208866,1.3029226057695942,1.284544109107904,1.2881412323716548
110.dynamic-html,arm64,128,900,4,20,0,1.0,5,0.0,20,29.600150000000003,27.8485,37.93835000000001,38.50607,measured,20,29.600150000000003,27.8485,37.93835000000001,38.50607,26.658,26.449,28.2436,28.40312,1.110366494110586,1.0529131536163938,1.3432547550595535,1.3556985993088082
110.dynamic-html,arm64,256,60,1,5,0,1.0,5,0.0,5,29.153399999999998,28.78,30.666800000000002,30.80856,measured,5,29.153399999999998,28.78,30.666800000000002,30.80856,27.899666666666665,28.786,28.8427,28.84774,1.0449372154983931,0.9997915653442646,1.0632430389665324,1.067971355815048
110.dynamic-html,arm64,256,60,2,10,0,1.0,5,0.0,10,26.7001,27.7325,31.739049999999995,32.12461,measured,10,26.7001,27.7325,31.739049999999995,32.12461,27.899666666666665,28.786,28.8427,28.84774,0.9570042652839341,0.963402348363788,1.1004188234804646,1.113591913959291
110.dynamic-html,arm64,256,60,4,20,0,1.0,5,0.05,20,52.9957,28.4755,83.4302000000003,406.15963999999946,measured,19,30.161684210526317,27.986,43.12069999999995,58.382540000000006,27.899666666666665,28.786,28.8427,28.84774,1.0810768662896684,0.9722087125686097,1.4950299382512715,2.0238167703951855
110.dynamic-html,arm64,256,120,1,5,0,1.0,5,0.0,5,28.383999999999997,28.391,29.4084,29.54168,measured,5,28.383999999999997,28.391,29.4084,29.54168,28.3,28.049,28.7735,28.8379,1.0029681978798586,1.012192948055189,1.0220654421603212,1.0244046896618686
110.dynamic-html,arm64,256,120,2,10,0,1.0,5,0.0,10,30.5349,30.677,32.6312,32.747840000000004,measured,10,30.5349,30.677,32.6312,32.747840000000004,28.3,28.049,28.7735,28.8379,1.0789717314487632,1.093693179792506,1.1340712808660747,1.1355833815915861
110.dynamic-html,arm64,256,120,4,20,0,1.0,5,0.0,20,30.96985,30.5275,40.831500000000005,43.879099999999994,measured,20,30.96985,30.5275,40.831500000000005,43.879099999999994,28.3,28.049,28.7735,28.8379,1.0943409893992933,1.088363221505223,1.41906615462144,1.521577507377444
110.dynamic-html,arm64,256,300,1,5,0,1.0,5,0.0,5,28.640800000000002,28.63,29.2716,29.36712,measured,5,28.640800000000002,28.63,29.2716,29.36712,28.454666666666668,28.639,28.9981,29.03002,1.0065413991846681,0.9996857432172911,1.0094316524186067,1.0116121173874493
110.dynamic-html,arm64,256,300,2,10,0,1.0,5,0.0,10,27.406799999999997,26.9985,31.73795,32.00759,measured,10,27.406799999999997,26.9985,31.73795,32.00759,28.454666666666668,28.639,28.9981,29.03002,0.9631741717820157,0.942717971996229,1.0944837765232895,1.1025686513478117
110.dynamic-html,arm64,256,300,4,20,0,1.0,5,0.0,20,27.712349999999997,26.8485,36.98775,37.19675,measured,20,27.712349999999997,26.8485,36.98775,37.19675,28.454666666666668,28.639,28.9981,29.03002,0.9739123049529074,0.9374803589510807,1.275523223935361,1.2813201644366763
110.dynamic-html,arm64,256,900,1,5,0,1.0,5,0.0,5,32.689800000000005,32.323,34.3174,34.58028,measured,5,32.689800000000005,32.323,34.3174,34.58028,27.997,27.983,28.1459,28.16038,1.167617959067043,1.1550941643140478,1.2192681704973014,1.2279763270239963
110.dynamic-html,arm64,256,900,2,10,0,1.0,5,0.0,10,29.7254,29.0695,34.78605,35.04921,measured,10,29.7254,29.0695,34.78605,35.04921,27.997,27.983,28.1459,28.16038,1.0617351859127764,1.0388271450523532,1.235918908260173,1.2446284460650034
110.dynamic-html,arm64,256,900,4,20,0,1.0,5,0.0,20,33.83075,33.187,43.35965,45.55833,measured,20,33.83075,33.187,43.35965,45.55833,27.997,27.983,28.1459,28.16038,1.2083705397006823,1.185970053246614,1.5405316582521789,1.6178165919636027
110.dynamic-html,arm64,512,60,1,5,0,1.0,5,0.0,5,29.0234,28.882,29.765,29.8506,measured,5,29.0234,28.882,29.765,29.8506,27.895,27.673,28.3957,28.45994,1.0404516938519448,1.043688794131464,1.0482220899643255,1.0488637713220759
110.dynamic-html,arm64,512,60,2,10,0,1.0,5,0.0,10,29.935899999999997,31.0795,32.817,33.2994,measured,10,29.935899999999997,31.0795,32.817,33.2994,27.895,27.673,28.3957,28.45994,1.0731636493995338,1.1230983268890256,1.1557031522378387,1.1700446311552308
110.dynamic-html,arm64,512,60,4,20,0,1.0,5,0.1,20,88.3197,36.943,496.8987,515.4533399999999,measured,18,41.70133333333334,36.729,94.1198,95.16156,27.895,27.673,28.3957,28.45994,1.4949393559180262,1.327250388465291,3.3145793201083262,3.343702059807575
110.dynamic-html,arm64,512,120,1,5,0,1.0,5,0.0,5,27.8264,27.918,28.4524,28.46968,measured,5,27.8264,27.918,28.4524,28.46968,35.962,36.704,37.0172,37.04504,0.7737723152216227,0.7606255448997384,0.7686264763407281,0.7685152992141459
110.dynamic-html,arm64,512,120,2,10,0,1.0,5,0.0,10,28.3573,29.0175,35.228899999999996,35.43698,measured,10,28.3573,29.0175,35.228899999999996,35.43698,35.962,36.704,37.0172,37.04504,0.7885351204048717,0.7905814080209241,0.9516900251774849,0.9565917596525743
110.dynamic-html,arm64,512,120,4,20,0,1.0,5,0.05,20,54.452549999999995,30.0795,79.93425000000032,418.76124999999945,measured,19,30.82015789473684,29.598,40.43409999999996,54.201220000000006,35.962,36.704,37.0172,37.04504,0.8570201294348712,0.8063971229293809,1.0923057389537825,1.4631167897240767
110.dynamic-html,arm64,512,300,1,5,0,1.0,5,0.0,5,28.5254,28.649,29.0384,29.075680000000002,measured,5,28.5254,28.649,29.0384,29.075680000000002,33.131,33.159,33.522600000000004,33.55492,0.8609881983640699,0.8639886606954372,0.8662335260391496,0.8665101868816854
110.dynamic-html,arm64,512,300,2,10,0,1.0,5,0.0,10,27.9783,29.186999999999998,31.9075,32.055099999999996,measured,10,27.9783,29.186999999999998,31.9075,32.055099999999996,33.131,33.159,33.522600000000004,33.55492,0.8444749630255652,0.8802135166923006,0.9518205628441706,0.9553025308956181
110.dynamic-html,arm64,512,300,4,20,0,1.0,5,0.0,20,31.50015,31.299500000000002,42.06425,43.17765,measured,20,31.50015,31.299500000000002,42.06425,43.17765,33.131,33.159,33.522600000000004,33.55492,0.950775708550904,0.9439217105461565,1.2548027300985005,1.2867755309802555
110.dynamic-html,arm64,512,900,1,5,0,1.0,5,0.0,5,31.2772,31.792,32.0616,32.11232,measured,5,31.2772,31.792,32.0616,32.11232,27.894,28.362,28.4277,28.43354,1.1212877321287733,1.120936464283196,1.1278295465338384,1.1293817090661238
110.dynamic-html,arm64,512,900,2,10,0,1.0,5,0.0,10,28.816899999999997,28.9065,33.46155,33.60591,measured,10,28.816899999999997,28.9065,33.46155,33.60591,27.894,28.362,28.4277,28.43354,1.0330859683085967,1.0191982229744025,1.177075528445847,1.181910870049948
110.dynamic-html,arm64,512,900,4,20,0,1.0,5,0.05,20,60.33225,30.7455,78.83795000000036,463.3059899999994,measured,19,34.06431578947368,30.067,47.57519999999999,52.35024,27.894,28.362,28.4277,28.43354,1.2212058431732158,1.0601156476976237,1.6735507972857455,1.8411439447919604
110.dynamic-html,arm64,1024,60,1,5,0,1.0,5,0.0,5,27.719,27.819,28.4456,28.457919999999998,measured,5,27.719,27.819,28.4456,28.457919999999998,27.82933333333333,28.618,29.0482,29.08644,0.9960353583748563,0.9720805087707037,0.9792551689949807,0.9783913053642865
110.dynamic-html,arm64,1024,60,2,10,0,1.0,5,0.0,10,27.7705,29.847,32.006949999999996,32.65099,measured,10,27.7705,29.847,32.006949999999996,32.65099,27.82933333333333,28.618,29.0482,29.08644,0.9978859237255654,1.0429449996505697,1.1018565694259883,1.1225502330295491
110.dynamic-html,arm64,1024,60,4,20,0,1.0,5,0.05,20,57.80800000000001,30.7175,71.58075000000034,438.3377499999994,measured,19,32.954368421052635,30.715,44.29659999999999,46.82092,27.82933333333333,28.618,29.0482,29.08644,1.1841594631942065,1.0732755608358375,1.5249344193443997,1.6097164176846668
110.dynamic-html,arm64,1024,120,1,5,0,1.0,5,0.0,5,27.6022,27.983,29.7718,30.02396,measured,5,27.6022,27.983,29.7718,30.02396,34.82933333333333,35.893,35.9497,35.95474,0.7924986601332211,0.7796227676705765,0.828151556202138,0.8350487307097756
110.dynamic-html,arm64,1024,120,2,10,0,1.0,5,0.1,10,76.2194,27.718,296.65389999999945,468.5531800000001,measured,9,27.851777777777777,27.419,33.324,33.8888,34.82933333333333,35.893,35.9497,35.95474,0.7996643952734604,0.7639093973755329,0.9269618383463561,0.9425405384658602
110.dynamic-html,arm64,1024,120,4,20,0,1.0,5,0.05,20,54.631150000000005,29.9135,66.75845000000032,416.4260899999994,measured,19,30.988421052631576,29.296,43.4201,43.687219999999996,34.82933333333333,35.893,35.9497,35.95474,0.8897219121611547,0.816203716602123,1.207801455923137,1.2150614911969881
110.dynamic-html,arm64,1024,300,1,5,0,1.0,5,0.0,5,27.9212,27.87,29.122,29.3188,measured,5,27.9212,27.87,29.122,29.3188,34.156666666666666,34.239,34.708800000000004,34.75056,0.8174451058846491,0.8139840532725839,0.8390379385055086,0.843692878618359
110.dynamic-html,arm64,1024,300,2,10,0,1.0,5,0.1,10,81.01790000000001,30.8185,312.77799999999945,495.7156000000001,measured,9,29.858777777777775,30.563,32.94,33.22,34.156666666666666,34.239,34.708800000000004,34.75056,0.8741713021697407,0.8926370513157511,0.9490388604619,0.9559558176904199
110.dynamic-html,arm64,1024,300,4,20,0,1.0,5,0.0,20,31.135199999999998,29.9545,44.81935,45.675869999999996,measured,20,31.135199999999998,29.9545,44.81935,45.675869999999996,34.156666666666666,34.239,34.708800000000004,34.75056,0.9115409388113593,0.8748649201203307,1.2912964435532197,1.314392343605398
110.dynamic-html,arm64,1024,900,1,5,0,1.0,5,0.0,5,32.1428,31.456,34.4866,34.80212,measured,5,32.1428,31.456,34.4866,34.80212,28.58933333333333,28.277,29.2175,29.3011,1.1242934427758606,1.1124235244191392,1.1803405493283137,1.1877410745671664
110.dynamic-html,arm64,1024,900,2,10,0,1.0,5,0.0,10,26.4544,25.5305,33.928549999999994,36.58571,measured,10,26.4544,25.5305,33.928549999999994,36.58571,28.58933333333333,28.277,29.2175,29.3011,0.9253241302117341,0.9028715917530148,1.1612406947890817,1.248612168143858
110.dynamic-html,arm64,1024,900,4,20,0,1.0,5,0.05,20,63.701049999999995,40.8335,80.81470000000033,431.68693999999937,measured,19,39.716631578947364,40.622,56.7509,57.534980000000004,28.58933333333333,28.277,29.2175,29.3011,1.3892115327026644,1.4365738939774375,1.9423598870539915,1.9635774766135061
110.dynamic-html,arm64,2048,60,1,5,0,1.0,5,0.0,5,28.547199999999997,28.314,29.482,29.5932,measured,5,28.547199999999997,28.314,29.482,29.5932,28.838666666666665,28.208,30.08,30.2464,0.9898931989458597,1.003757799205899,0.9801196808510638,0.9784040414727041
110.dynamic-html,arm64,2048,60,2,10,0,1.0,5,0.0,10,28.321199999999997,29.9095,32.38035,32.58807,measured,10,28.321199999999997,29.9095,32.38035,32.58807,28.838666666666665,28.208,30.08,30.2464,0.9820564982199824,1.0603197674418605,1.0764744015957448,1.0774197921074904
110.dynamic-html,arm64,2048,60,4,20,0,1.0,5,0.05,20,68.93415,29.2255,84.23425000000054,672.508449999999,measured,19,29.42663157894737,28.921,36.23589999999998,43.67278,28.838666666666665,28.208,30.08,30.2464,1.020388075463985,1.0252765173000569,1.2046509308510631,1.4439001005078291
110.dynamic-html,arm64,2048,120,1,5,0,1.0,5,0.0,5,28.4678,28.284,29.2554,29.328680000000002,measured,5,28.4678,28.284,29.2554,29.328680000000002,34.173,34.431,34.4409,34.44178,0.8330494835103737,0.8214690250065348,0.8494377324634375,0.8515436774754382
110.dynamic-html,arm64,2048,120,2,10,0,1.0,5,0.0,10,25.9749,25.012999999999998,33.19884999999999,34.11577,measured,10,25.9749,25.012999999999998,33.19884999999999,34.11577,34.173,34.431,34.4409,34.44178,0.7601000790097445,0.7264674276088409,0.9639367728485607,0.9905344613431709
110.dynamic-html,arm64,2048,120,4,20,0,1.0,5,0.05,20,75.953,30.1905,106.09560000000059,748.304719999999,measured,19,32.115947368421054,30.101,40.740199999999945,59.22404000000001,34.173,34.431,34.4409,34.44178,0.9398047396605815,0.8742412360953792,1.1829017244032516,1.7195406276911358
110.dynamic-html,arm64,2048,300,1,5,0,1.0,5,0.0,5,29.0584,28.714,30.3446,30.65292,measured,5,29.0584,28.714,30.3446,30.65292,34.36066666666667,34.343,34.8191,34.86142,0.8456878989542306,0.8360946917858078,0.8714929449641146,0.879279157303403
110.dynamic-html,arm64,2048,300,2,10,0,1.0,5,0.0,10,29.1056,29.604999999999997,32.4363,32.77686,measured,10,29.1056,29.604999999999997,32.4363,32.77686,34.36066666666667,34.343,34.8191,34.86142,0.8470615626394521,0.8620388434324314,0.931566295510223,0.9402043863961937
110.dynamic-html,arm64,2048,300,4,20,0,1.0,5,0.0,20,30.4966,28.985,40.027100000000004,40.11982,measured,20,30.4966,28.985,40.027100000000004,40.11982,34.36066666666667,34.343,34.8191,34.86142,0.8875438970916358,0.8439856739364644,1.1495730791433438,1.1508372292350684
110.dynamic-html,arm64,2048,900,1,5,0,1.0,5,0.0,5,31.407799999999998,31.245,32.3592,32.43824,measured,5,31.407799999999998,31.245,32.3592,32.43824,29.05966666666667,28.539,30.0627,30.19814,1.0808038633157067,1.094817617996426,1.0763903441806624,1.0741800653947562
110.dynamic-html,arm64,2048,900,2,10,0,1.0,5,0.0,10,27.7437,28.668,33.00185,33.14837,measured,10,27.7437,28.668,33.00185,33.14837,29.05966666666667,28.539,30.0627,30.19814,0.9547150116427121,1.0045201303479447,1.0977673329408202,1.0976957521224817
110.dynamic-html,arm64,2048,900,4,20,0,1.0,5,0.0,20,32.8951,31.689500000000002,47.3001,47.56002,measured,20,32.8951,31.689500000000002,47.3001,47.56002,29.05966666666667,28.539,30.0627,30.19814,1.1319847669736978,1.1103927958232593,1.5733816323883085,1.574932098466992
110.dynamic-html,arm64,3008,60,1,5,0,1.0,5,0.0,5,28.5642,28.256,29.4062,29.48764,measured,5,28.5642,28.256,29.4062,29.48764,28.520666666666667,28.085,29.3225,29.4325,1.0015263785325261,1.0060886594267402,1.0028544632961036,1.001873439225346
110.dynamic-html,arm64,3008,60,2,10,0,1.0,5,0.0,10,28.290699999999998,29.832,33.4954,33.627880000000005,measured,10,28.290699999999998,29.832,33.4954,33.627880000000005,28.520666666666667,28.085,29.3225,29.4325,0.9919368411210583,1.062204023500089,1.1423105124051494,1.1425424275885503
110.dynamic-html,arm64,3008,60,4,20,0,1.0,5,0.0,20,29.6838,29.0925,38.4909,43.23177999999999,measured,20,29.6838,29.0925,38.4909,43.23177999999999,28.520666666666667,28.085,29.3225,29.4325,1.040782122905028,1.0358732419440984,1.3126745673117914,1.468844984286078
110.dynamic-html,arm64,3008,120,1,5,0,1.0,5,0.0,5,26.613,27.779,28.6936,28.70192,measured,5,26.613,27.779,28.6936,28.70192,33.922000000000004,33.902,34.1297,34.14994,0.7845351099581391,0.8193911863606866,0.8407223034483163,0.8404676552872421
110.dynamic-html,arm64,3008,120,2,10,0,1.0,5,0.0,10,28.401999999999997,30.677,32.3209,32.63698,measured,10,28.401999999999997,30.677,32.3209,32.63698,33.922000000000004,33.902,34.1297,34.14994,0.8372737456517892,0.9048728688572946,0.9470021711295441,0.9556965546645178
110.dynamic-html,arm64,3008,120,4,20,0,1.0,5,0.0,20,30.55245,31.649,36.88590000000001,40.501979999999996,measured,20,30.55245,31.649,36.88590000000001,40.501979999999996,33.922000000000004,33.902,34.1297,34.14994,0.9006677082719178,0.9335437437319333,1.080756643041105,1.186004426362096
110.dynamic-html,arm64,3008,300,1,5,0,1.0,5,0.0,5,28.7144,28.985,29.3244,29.35368,measured,5,28.7144,28.985,29.3244,29.35368,33.43933333333333,33.25,33.901599999999995,33.95952,0.8587013297713273,0.8717293233082707,0.8649857233876869,0.8643726413094179
110.dynamic-html,arm64,3008,300,2,10,0,1.0,5,0.0,10,26.495600000000003,25.3155,31.939499999999995,33.0807,measured,10,26.495600000000003,25.3155,31.939499999999995,33.0807,33.43933333333333,33.25,33.901599999999995,33.95952,0.7923483323032757,0.7613684210526316,0.9421236755787338,0.9741215423539556
110.dynamic-html,arm64,3008,300,4,20,0,1.0,5,0.0,20,33.26425,35.2415,43.763850000000005,46.71037,measured,20,33.26425,35.2415,43.763850000000005,46.71037,33.43933333333333,33.25,33.901599999999995,33.95952,0.9947641500029905,1.0598947368421052,1.2909080987328034,1.3754720325846772
110.dynamic-html,arm64,3008,900,1,5,0,1.0,5,0.0,5,29.977800000000002,30.718,32.048199999999994,32.14004,measured,5,29.977800000000002,30.718,32.048199999999994,32.14004,28.774666666666665,28.599,29.5305,29.6133,1.0418122422501275,1.0740934997727194,1.0852576150082116,1.0853244994647675
110.dynamic-html,arm64,3008,900,2,10,0,1.0,5,0.0,10,29.468400000000003,30.785,33.2177,33.352340000000005,measured,10,29.468400000000003,30.785,33.2177,33.352340000000005,28.774666666666665,28.599,29.5305,29.6133,1.0241091701033318,1.0764362390293367,1.124860737203908,1.1262621862473958
110.dynamic-html,arm64,3008,900,4,20,0,1.0,5,0.05,20,57.49485,31.0775,68.69040000000035,452.87647999999933,measured,19,31.630210526315786,30.886,42.946099999999994,43.32122,28.774666666666665,28.599,29.5305,29.6133,1.099238121251881,1.0799678310430434,1.454296405411354,1.4628974143374767
120.uploader,arm64,128,60,1,4,0,1.0,4,0.0,4,1090.5059999999999,990.734,1618.4483999999998,1670.5000799999998,measured,4,1090.5059999999999,990.734,1618.4483999999998,1670.5000799999998,1655.2993333333334,724.178,3371.6729,3607.00578,0.6587968580909233,1.3680807757208864,0.48001346749858204,0.4631265326112119
120.uploader,arm64,128,60,2,4,0,1.0,2,0.0,4,14089.47525,12225.6395,29459.664499999995,30411.572899999996,measured,4,14089.47525,12225.6395,29459.664499999995,30411.572899999996,1655.2993333333334,724.178,3371.6729,3607.00578,8.511738612029486,16.88209183377567,8.737402877960076,8.431251501903608
120.uploader,arm64,128,60,4,20,0,1.0,5,0.0,20,1392.0886500000001,1064.5785,4108.9856500000005,4226.88673,measured,20,1392.0886500000001,1064.5785,4108.9856500000005,4226.88673,1655.2993333333334,724.178,3371.6729,3607.00578,0.8409890718657532,1.4700508714708262,1.2186786120326205,1.1718547149098275
120.uploader,arm64,128,120,1,5,0,1.0,5,0.0,5,757.6866,723.943,963.8366,1009.24812,measured,5,757.6866,723.943,963.8366,1009.24812,914.9603333333332,885.457,1149.9535,1173.4643,0.828108686678949,0.8175924974335287,0.8381526731298264,0.8600586485673232
120.uploader,arm64,128,120,2,8,0,1.0,4,0.0,8,714.18275,667.9535000000001,905.2347499999998,978.1397499999999,measured,8,714.18275,667.9535000000001,905.2347499999998,978.1397499999999,914.9603333333332,885.457,1149.9535,1173.4643,0.7805614341751065,0.7543601778516631,0.7871924821307991,0.8335487922385025
120.uploader,arm64,128,120,4,20,0,1.0,5,0.0,20,3520.3792999999996,764.87,10155.806850000017,28921.633369999967,measured,20,3520.3792999999996,764.87,10155.806850000017,28921.633369999967,914.9603333333332,885.457,1149.9535,1173.4643,3.847575869409275,0.8638138272101299,8.831493490823775,24.646368338602176
120.uploader,arm64,128,300,1,5,0,1.0,5,0.0,5,687.6318,664.933,761.3240000000001,769.8912,measured,5,687.6318,664.933,761.3240000000001,769.8912,583.9963333333334,669.984,721.2966,725.8577200000001,1.1774591050514585,0.9924610139943639,1.0554936762491325,1.0606640651283559
120.uploader,arm64,128,300,2,2,0,1.0,1,0.0,2,654.88,654.88,659.6760999999999,660.1024199999999,measured,2,654.88,654.88,659.6760999999999,660.1024199999999,583.9963333333334,669.984,721.2966,725.8577200000001,1.1213769036221117,0.9774561780579835,0.9145698177421049,0.9094102078297106
120.uploader,arm64,128,300,4,4,0,1.0,1,0.0,4,30747.41125,30747.788,30785.69225,30788.69045,measured,4,30747.41125,30747.788,30785.69225,30788.69045,583.9963333333334,669.984,721.2966,725.8577200000001,52.65000736305993,45.89331685532789,42.68104445522133,42.416977324426604
120.uploader,arm64,128,900,1,5,0,1.0,5,0.0,5,4218.6366,709.237,15076.390399999997,17945.962079999998,measured,5,4218.6366,709.237,15076.390399999997,17945.962079999998,945.163,726.321,1369.7085,1426.8985,4.4633958375433656,0.9764787194642588,11.007006527301245,12.57690163666161
120.uploader,arm64,128,900,2,10,0,1.0,5,0.0,10,641.929,655.0564999999999,1255.4868499999989,1604.97737,measured,10,641.929,655.0564999999999,1255.4868499999989,1604.97737,945.163,726.321,1369.7085,1426.8985,0.6791727987659271,0.9018829140283702,0.9166087893883983,1.1248013576298526
120.uploader,arm64,128,900,4,20,0,1.0,5,0.0,20,1656.3111999999996,690.9639999999999,2787.0941500000113,14807.54522999998,measured,20,1656.3111999999996,690.9639999999999,2787.0941500000113,14807.54522999998,945.163,726.321,1369.7085,1426.8985,1.7524079973507212,0.9513204216868298,2.0348082456960817,10.377434155267512
120.uploader,arm64,256,60,1,5,0,1.0,5,0.0,5,3255.9232,945.565,10551.574599999998,12444.37892,measured,5,3255.9232,945.565,10551.574599999998,12444.37892,3020.7026666666666,1660.361,5474.890399999999,5813.95968,1.0778694758438103,0.5694936221701185,1.9272668179805024,2.1404308947667143
120.uploader,arm64,256,60,2,6,0,1.0,3,0.0,6,5975.177833333334,1736.1345,21841.35875,26931.120550000007,measured,6,5975.177833333334,1736.1345,21841.35875,26931.120550000007,3020.7026666666666,1660.361,5474.890399999999,5813.95968,1.9780754654435815,1.0456367621258267,3.989369129654176,4.6321478015478785
120.uploader,arm64,256,60,4,20,0,1.0,5,0.0,20,1662.92085,1061.99,5450.131650000001,6190.883129999998,measured,20,1662.92085,1061.99,5450.131650000001,6190.883129999998,3020.7026666666666,1660.361,5474.890399999999,5813.95968,0.5505079557648176,0.6396139152870972,0.995477763353948,1.064830764357829
120.uploader,arm64,256,120,1,8,5,0.375,5,0.25,3,3324.8933333333334,2808.273,6085.6554,6376.97828,prewarm_only,0,,,,,1766.7476666666664,1672.196,2627.4974,2712.41308,1.8819288096791038,1.679392248277116,2.316141359454818,2.351035071693431
120.uploader,arm64,256,120,2,6,0,1.0,3,0.0,6,686.616,667.437,746.732,753.1800000000001,measured,6,686.616,667.437,746.732,753.1800000000001,1766.7476666666664,1672.196,2627.4974,2712.41308,0.3886327475928934,0.39913801970582397,0.28419894915975935,0.27767894409357446
120.uploader,arm64,256,120,4,20,0,1.0,5,0.0,20,4046.27875,735.5035,19081.454250000006,28356.102849999985,measured,20,4046.27875,735.5035,19081.454250000006,28356.102849999985,1766.7476666666664,1672.196,2627.4974,2712.41308,2.2902414568539595,0.43984287727036786,7.2622162252187215,10.454197798662728
120.uploader,arm64,256,300,1,4,0,1.0,4,0.0,4,665.51675,648.361,713.58575,721.86275,measured,4,665.51675,648.361,713.58575,721.86275,743.0203333333334,665.02,880.1101,899.22922,0.8956911677159126,0.9749496255751707,0.8107914566597975,0.802757221345632
120.uploader,arm64,256,300,2,10,0,1.0,5,0.0,10,655.8725000000001,666.4845,735.02725,739.71265,measured,10,655.8725000000001,666.4845,735.02725,739.71265,743.0203333333334,665.02,880.1101,899.22922,0.8827113748793775,1.0022021894078375,0.8351537495138392,0.8226074437394283
120.uploader,arm64,256,300,4,20,0,1.0,5,0.0,20,786.66755,694.2139999999999,1472.2822500000004,1940.8108499999994,measured,20,786.66755,694.2139999999999,1472.2822500000004,1940.8108499999994,743.0203333333334,665.02,880.1101,899.22922,1.0587429639655441,1.0438994315960421,1.6728387164287746,2.1583049202960725
120.uploader,arm64,256,900,1,5,0,1.0,5,0.0,5,1726.5783999999999,658.164,4935.785599999999,5711.959519999999,measured,5,1726.5783999999999,658.164,4935.785599999999,5711.959519999999,1174.9620000000002,688.244,2190.5492,2324.08744,1.4694759490094145,0.9562945699490296,2.2532183253405127,2.457721435816546
120.uploader,arm64,256,900,2,10,0,1.0,5,0.1,10,88.107,33.429,344.1065999999994,546.22932,measured,9,31.59,33.335,35.2884,35.30408,1174.9620000000002,688.244,2190.5492,2324.08744,0.02688597588687974,0.04843485740522257,0.01610938480633076,0.015190512797573573
120.uploader,arm64,256,900,4,20,0,1.0,5,0.0,20,2750.3494,47.9095,16981.243150000013,30089.04142999998,measured,20,2750.3494,47.9095,16981.243150000013,30089.04142999998,1174.9620000000002,688.244,2190.5492,2324.08744,2.3407985960397015,0.06961121346499206,7.752048276295284,12.946604724132058
120.uploader,arm64,512,60,1,4,0,1.0,4,0.0,4,2325.31675,821.7525,6031.595699999998,6758.366339999999,measured,4,2325.31675,821.7525,6031.595699999998,6758.366339999999,6945.641666666667,2170.482,16419.2559,17685.813580000002,0.3347878945669766,0.3786036926360136,0.36734890647511,0.38213488508341487
120.uploader,arm64,512,60,2,10,2,0.8,5,0.0,8,3252.0006249999997,1231.3095,12040.59339999999,16329.128279999994,measured,8,3252.0006249999997,1231.3095,12040.59339999999,16329.128279999994,6945.641666666667,2170.482,16419.2559,17685.813580000002,0.46820737104923105,0.5672977246528652,0.7333215021029054,0.9232896301963617
120.uploader,arm64,512,60,4,6,5,0.16666666666666666,5,0.16666666666666666,1,38609.861,38609.861,38609.861,38609.861,prewarm_only,0,,,,,6945.641666666667,2170.482,16419.2559,17685.813580000002,5.5588616362539085,17.788611469710414,2.351498827666118,2.183097815961486
120.uploader,arm64,512,120,1,5,0,1.0,5,0.0,5,2117.1278,667.021,6477.841399999999,7636.84748,measured,5,2117.1278,667.021,6477.841399999999,7636.84748,3044.8253333333337,2609.408,4750.5881,4940.91522,0.6953199504821076,0.2556215816001177,1.363587257754466,1.5456341871820258
120.uploader,arm64,512,120,2,10,1,0.9,5,0.0,9,6436.106666666666,725.717,30579.172999999984,45712.92659999999,measured,9,6436.106666666666,725.717,30579.172999999984,45712.92659999999,3044.8253333333337,2609.408,4750.5881,4940.91522,2.1137851804526058,0.2781155725743157,6.436923672671176,9.251914789989048
120.uploader,arm64,512,120,4,20,1,0.95,5,0.0,19,3409.4094736842103,728.053,20716.88289999998,28074.84298,measured,19,3409.4094736842103,728.053,20716.88289999998,28074.84298,3044.8253333333337,2609.408,4750.5881,4940.91522,1.1197389342369097,0.27901079478563723,4.360909105127422,5.682113885775195
120.uploader,arm64,512,300,1,5,0,1.0,5,0.0,5,666.212,641.532,1209.7421999999997,1323.24444,measured,5,666.212,641.532,1209.7421999999997,1323.24444,1873.309,2206.227,2384.6178,2400.47476,0.355633800937272,0.29078240815654965,0.507310731304614,0.5512428049857937
120.uploader,arm64,512,300,2,10,0,1.0,5,0.0,10,1245.5491,727.768,3556.5257499999952,5279.667550000001,measured,10,1245.5491,727.768,3556.5257499999952,5279.667550000001,1873.309,2206.227,2384.6178,2400.47476,0.6648924977139382,0.32986995445164985,1.4914447715688424,2.199426395968438
120.uploader,arm64,512,300,4,20,0,1.0,5,0.05,20,886.284,653.6175000000001,2141.6693500000006,2500.0754699999993,measured,19,864.5737894736843,651.976,2165.248699999999,2504.79134,1873.309,2206.227,2384.6178,2400.47476,0.4615222525881658,0.29551628186945406,0.9080065996320246,1.0434566452179652
120.uploader,arm64,512,900,1,5,0,1.0,5,0.0,5,730.358,650.684,1213.3501999999999,1323.96924,measured,5,730.358,650.684,1213.3501999999999,1323.96924,1641.4103333333333,1346.74,2531.9788,2637.33336,0.44495759845547456,0.4831548777046794,0.47921025247130816,0.5020105763194077
120.uploader,arm64,512,900,2,10,0,1.0,5,0.0,10,716.9907000000001,665.5654999999999,1206.939399999999,1516.2686800000001,measured,10,716.9907000000001,665.5654999999999,1206.939399999999,1516.2686800000001,1641.4103333333333,1346.74,2531.9788,2637.33336,0.43681380910034484,0.4942048947829573,0.4766783197394856,0.5749249234082414
120.uploader,arm64,512,900,4,20,0,1.0,5,0.0,20,841.8823500000001,674.2365,1439.7600000000014,3005.223199999997,measured,20,841.8823500000001,674.2365,1439.7600000000014,3005.223199999997,1641.4103333333333,1346.74,2531.9788,2637.33336,0.5129018216245339,0.5006434055571231,0.5686303534610959,1.1394931128463779
120.uploader,arm64,1024,60,1,3,0,1.0,3,0.0,3,724.7563333333333,745.213,762.1959999999999,763.7056,measured,3,724.7563333333333,745.213,762.1959999999999,763.7056,3299.7923333333333,1489.575,7089.8277,7587.62794,0.21963695291127913,0.5002856519477031,0.10750557450077382,0.1006514296746079
120.uploader,arm64,1024,60,2,10,0,1.0,5,0.0,10,701.3669,686.5535,773.52125,776.05385,measured,10,701.3669,686.5535,773.52125,776.05385,3299.7923333333333,1489.575,7089.8277,7587.62794,0.21254879978810787,0.4609056274440696,0.1091029687505664,0.10227884869114971
120.uploader,arm64,1024,60,4,20,0,1.0,5,0.0,20,1328.9486499999998,1144.3944999999999,2598.6168000000016,4207.928959999997,measured,20,1328.9486499999998,1144.3944999999999,2598.6168000000016,4207.928959999997,3299.7923333333333,1489.575,7089.8277,7587.62794,0.4027370560793876,0.768269137169998,0.36652749685299146,0.5545776615926158
120.uploader,arm64,1024,120,1,5,0,1.0,5,0.0,5,4451.280000000001,649.404,15266.796799999996,17982.27376,measured,5,4451.280000000001,649.404,15266.796799999996,17982.27376,1044.9606666666666,1172.976,1254.1182,1261.33084,4.259758421529105,0.5536379260956745,12.173331668418493,14.256587716510602
120.uploader,arm64,1024,120,2,10,0,1.0,5,0.0,10,923.3047,725.7945,2019.0733999999989,2468.98988,measured,10,923.3047,725.7945,2019.0733999999989,2468.98988,1044.9606666666666,1172.976,1254.1182,1261.33084,0.88357842496145,0.6187632995048491,1.609954627881167,1.9574482774083284
120.uploader,arm64,1024,120,4,8,0,1.0,2,0.0,8,1149.618,690.1815,2978.1370999999986,3751.355419999999,measured,8,1149.618,690.1815,2978.1370999999986,3751.355419999999,1044.9606666666666,1172.976,1254.1182,1261.33084,1.1001543279778951,0.5884020644923681,2.3746861340502026,2.9741248695703013
120.uploader,arm64,1024,300,1,5,0,1.0,5,0.0,5,735.1228,664.812,938.2371999999999,979.65144,measured,5,735.1228,664.812,938.2371999999999,979.65144,2886.418333333333,1551.065,5384.315299999999,5725.04866,0.2546833878896048,0.42861646675026516,0.1742537625907606,0.17111670104127988
120.uploader,arm64,1024,300,2,10,0,1.0,5,0.0,10,955.1933999999999,686.566,1697.23775,1698.03875,measured,10,955.1933999999999,686.566,1697.23775,1698.03875,2886.418333333333,1551.065,5384.315299999999,5725.04866,0.3309268753489763,0.4426416687888644,0.31521886357583856,0.2965981340672133
120.uploader,arm64,1024,300,4,20,0,1.0,5,0.0,20,821.94705,674.2915,1388.8494500000004,1892.964289999999,measured,20,821.94705,674.2915,1388.8494500000004,1892.964289999999,2886.418333333333,1551.065,5384.315299999999,5725.04866,0.28476366038417855,0.4347280739362954,0.2579435587659587,0.33064597393308426
120.uploader,arm64,1024,900,1,5,0,1.0,5,0.0,5,609.9646,638.241,720.7325999999999,733.98572,measured,5,609.9646,638.241,720.7325999999999,733.98572,1265.918,733.127,2222.4614,2354.84668,0.4818357903118528,0.8705735841129846,0.32429476615431874,0.311691511058376
120.uploader,arm64,1024,900,2,10,0,1.0,5,0.0,10,587.4440999999999,651.258,723.8196,724.78152,measured,10,587.4440999999999,651.258,723.8196,724.78152,1265.918,733.127,2222.4614,2354.84668,0.46404593346488476,0.8883290343964962,0.3256837666561948,0.30778289141100257
120.uploader,arm64,1024,900,4,20,0,1.0,5,0.0,20,758.25995,659.7795,1447.7696000000003,1946.8555199999992,measured,20,758.25995,659.7795,1447.7696000000003,1946.8555199999992,1265.918,733.127,2222.4614,2354.84668,0.5989803052014429,0.8999525320988042,0.651426206997341,0.8267440664120006
120.uploader,arm64,2048,60,1,4,0,1.0,4,0.0,4,1456.25,848.45,3111.081999999999,3411.8283999999994,measured,4,1456.25,848.45,3111.081999999999,3411.8283999999994,1113.153,1407.992,1512.0167,1521.26334,1.3082208824842587,0.6025957533849625,2.0575711895245594,2.2427598892904363
120.uploader,arm64,2048,60,2,6,5,0.16666666666666666,5,0.16666666666666666,1,31409.092,31409.092,31409.092,31409.092,prewarm_only,0,,,,,1113.153,1407.992,1512.0167,1521.26334,28.216329651000358,22.307720498411925,20.77297955769933,20.646715906530687
120.uploader,arm64,2048,60,4,8,1,0.875,2,0.0,7,6299.751428571429,686.908,23677.919299999983,29140.82785999999,measured,7,6299.751428571429,686.908,23677.919299999983,29140.82785999999,1113.153,1407.992,1512.0167,1521.26334,5.659376050346564,0.487863567406633,15.659826574666791,19.155676136913936
120.uploader,arm64,2048,120,1,2,1,0.5,2,0.0,1,677.354,677.354,677.354,677.354,measured,1,677.354,677.354,677.354,677.354,1289.195333333333,1335.624,1515.8778,1531.90036,0.5254083554961675,0.5071442262193552,0.44683944840408646,0.4421658338144134
120.uploader,arm64,2048,120,2,6,0,1.0,3,0.0,6,11771.117166666665,3627.7329999999997,31241.0605,31455.488100000002,measured,6,11771.117166666665,3627.7329999999997,31241.0605,31455.488100000002,1289.195333333333,1335.624,1515.8778,1531.90036,9.130592441900452,2.716133432762514,20.609220941160295,20.53363842802413
120.uploader,arm64,2048,120,4,12,6,0.5,5,0.16666666666666666,6,5893.349166666667,1138.564,23119.716,28945.660800000005,prewarm_only,0,,,,,1289.195333333333,1335.624,1515.8778,1531.90036,4.571339202282768,0.8524584763376519,15.251701687299597,18.89526339689613
120.uploader,arm64,2048,300,1,5,0,1.0,5,0.0,5,658.5690000000001,640.647,710.689,722.9882,measured,5,658.5690000000001,640.647,710.689,722.9882,1146.903,1280.289,1459.6023,1475.54126,0.5742150818334245,0.5003924895082282,0.48690591950971845,0.48998168983766677
120.uploader,arm64,2048,300,2,10,0,1.0,5,0.0,10,2191.2128999999995,661.879,9390.479249999982,15059.67825,measured,10,2191.2128999999995,661.879,9390.479249999982,15059.67825,1146.903,1280.289,1459.6023,1475.54126,1.9105477097888832,0.5169762452071368,6.433587594374154,10.206206128048226
120.uploader,arm64,2048,300,4,20,0,1.0,5,0.0,20,680.5425,677.6795,1060.56705,1127.3718099999999,measured,20,680.5425,677.6795,1060.56705,1127.3718099999999,1146.903,1280.289,1459.6023,1475.54126,0.5933740691235441,0.5293175993857636,0.7266137152565463,0.7640395023586124
120.uploader,arm64,2048,900,1,5,0,1.0,5,0.0,5,542.6078,634.112,645.7228,646.96856,measured,5,542.6078,634.112,645.7228,646.96856,1038.854,1042.672,1305.9598,1329.36316,0.5223138188811902,0.608160572068685,0.4944430908210191,0.48667555974696936
120.uploader,arm64,2048,900,2,10,0,1.0,5,0.0,10,549.9565,638.7915,651.50485,651.82417,measured,10,549.9565,638.7915,651.50485,651.82417,1038.854,1042.672,1305.9598,1329.36316,0.5293876714148475,0.6126485606211733,0.4988705241922454,0.49032814328930246
120.uploader,arm64,2048,900,4,20,0,1.0,5,0.0,20,286.77515,44.043,737.9020500000001,871.5108099999998,measured,20,286.77515,44.043,737.9020500000001,871.5108099999998,1038.854,1042.672,1305.9598,1329.36316,0.2760495218769914,0.04224051283625148,0.5650266187366565,0.6555851976520846
120.uploader,arm64,3008,60,1,2,1,0.5,2,0.0,1,31812.763,31812.763,31812.763,31812.763,measured,1,31812.763,31812.763,31812.763,31812.763,3115.1863333333336,2313.727,5032.5532,5274.226640000001,10.212154136526236,13.749575036294257,6.32139626462369,6.031739849541239
120.uploader,arm64,3008,60,2,2,0,1.0,1,0.0,2,4400.958,4400.9580000000005,7766.6376,8065.80912,measured,2,4400.958,4400.9580000000005,7766.6376,8065.80912,3115.1863333333336,2313.727,5032.5532,5274.226640000001,1.4127431007604787,1.902107724895807,1.5432797809271046,1.5292875468847882
120.uploader,arm64,3008,60,4,20,0,1.0,5,0.0,20,4053.53335,735.8695,18285.060500000007,28225.275299999983,measured,20,4053.53335,735.8695,18285.060500000007,28225.275299999983,3115.1863333333336,2313.727,5032.5532,5274.226640000001,1.3012169791020527,0.31804508483498706,3.6333566230357994,5.351547672589204
120.uploader,arm64,3008,120,1,2,0,1.0,2,0.0,2,776.049,776.049,831.2235000000001,836.1279000000001,measured,2,776.049,776.049,831.2235000000001,836.1279000000001,6720.156666666667,2360.557,15404.6107,16564.082140000002,0.11548078988237873,0.32875672987350024,0.053959396714906925,0.05047837199387373
120.uploader,arm64,3008,120,2,10,0,1.0,5,0.0,10,1675.7679,730.8675000000001,5363.439349999993,7392.85907,measured,10,1675.7679,730.8675000000001,5363.439349999993,7392.85907,6720.156666666667,2360.557,15404.6107,16564.082140000002,0.24936440965910023,0.3096165438919713,0.34817104141424315,0.44631866755521893
120.uploader,arm64,3008,120,4,20,0,1.0,5,0.0,20,914.6370499999999,657.65,2980.95875,3063.2021499999996,measured,20,914.6370499999999,657.65,2980.95875,3063.2021499999996,6720.156666666667,2360.557,15404.6107,16564.082140000002,0.136103530820462,0.2785995000332549,0.1935108136163415,0.1849303887839812
120.uploader,arm64,3008,300,1,3,0,1.0,3,0.0,3,670.7023333333333,639.834,726.9972,734.74504,measured,3,670.7023333333333,639.834,726.9972,734.74504,2737.31,3232.374,3290.5284,3295.69768,0.24502242469188118,0.19794553476794455,0.22093630919581184,0.2229406673005274
120.uploader,arm64,3008,300,2,6,0,1.0,3,0.0,6,9096.657166666666,1014.3135,28613.36175,30885.461150000003,measured,6,9096.657166666666,1014.3135,28613.36175,30885.461150000003,2737.31,3232.374,3290.5284,3295.69768,3.323210438958929,0.3137983104677862,8.695673846790077,9.371448521334033
120.uploader,arm64,3008,300,4,20,0,1.0,5,0.0,20,654.0487,662.4445000000001,1056.38065,1236.8145299999996,measured,20,654.0487,662.4445000000001,1056.38065,1236.8145299999996,2737.31,3232.374,3290.5284,3295.69768,0.23893848340158771,0.20494054834001266,0.32103678242072003,0.3752815488828452
120.uploader,arm64,3008,900,1,5,0,1.0,5,0.0,5,33.5166,33.843,34.0304,34.063680000000005,measured,5,33.5166,33.843,34.0304,34.063680000000005,1147.1036666666666,944.12,1709.6897,1777.7403399999998,0.02921845773311392,0.03584607888827692,0.01990443061100503,0.019161223511415627
120.uploader,arm64,3008,900,2,10,0,1.0,5,0.0,10,32.5473,30.955,40.0426,40.22692,measured,10,32.5473,30.955,40.0426,40.22692,1147.1036666666666,944.12,1709.6897,1777.7403399999998,0.028373459998239044,0.032787145701817566,0.023420975162919917,0.022628119019901412
120.uploader,arm64,3008,900,4,20,0,1.0,5,0.0,20,38.6605,37.214,48.13365,49.46593,measured,20,38.6605,37.214,48.13365,49.46593,1147.1036666666666,944.12,1709.6897,1777.7403399999998,0.033702708066780364,0.03941659958479854,0.02815344211291675,0.027825171588332188
210.thumbnailer,arm64,128,60,1,5,0,1.0,5,0.0,5,70.2314,70.225,71.1274,71.29108,measured,5,70.2314,70.225,71.1274,71.29108,70.161,70.278,70.3788,70.38776,1.0010034064508773,0.9992458521870285,1.0106367258322109,1.0128334812757218
210.thumbnailer,arm64,128,60,2,10,0,1.0,5,0.0,10,71.88390000000001,72.0975,75.30239999999999,76.60848,measured,10,71.88390000000001,72.0975,75.30239999999999,76.60848,70.161,70.278,70.3788,70.38776,1.0245563774746655,1.0258900367113462,1.0699585670684921,1.0883778656971042
210.thumbnailer,arm64,128,60,4,20,0,1.0,5,0.0,20,74.95945,74.18299999999999,86.75435000000002,89.83006999999999,measured,20,74.95945,74.18299999999999,86.75435000000002,89.83006999999999,70.161,70.278,70.3788,70.38776,1.068391984150739,1.0555650416915676,1.2326773119177936,1.2762172002632275
210.thumbnailer,arm64,128,120,1,5,0,1.0,5,0.0,5,70.17920000000001,70.096,70.63199999999999,70.67999999999999,measured,5,70.17920000000001,70.096,70.63199999999999,70.67999999999999,69.972,69.833,70.6394,70.71108,1.0029611844737898,1.0037661277619465,0.9998952425983233,0.9995604649228946
210.thumbnailer,arm64,128,120,2,10,0,1.0,5,0.0,10,71.6698,72.3255,72.86245,72.89089,measured,10,71.6698,72.3255,72.86245,72.89089,69.972,69.833,70.6394,70.71108,1.02426399131081,1.0356922944739595,1.0314703975401829,1.0308269934499656
210.thumbnailer,arm64,128,120,4,20,0,1.0,5,0.0,20,77.10365,76.9585,89.10085000000001,89.40257,measured,20,77.10365,76.9585,89.10085000000001,89.40257,69.972,69.833,70.6394,70.71108,1.101921482878866,1.102036286569387,1.261347774754599,1.2643360842459201
210.thumbnailer,arm64,128,300,1,5,0,1.0,5,0.0,5,71.1008,71.057,71.70479999999999,71.71615999999999,measured,5,71.1008,71.057,71.70479999999999,71.71615999999999,70.31533333333333,70.016,71.07169999999999,71.16554,1.011170631346411,1.0148680301645339,1.00890790567835,1.007737171670446
210.thumbnailer,arm64,128,300,2,10,0,1.0,5,0.0,10,74.2714,75.6265,77.82865,77.98813,measured,10,74.2714,75.6265,77.82865,77.98813,70.31533333333333,70.016,71.07169999999999,71.16554,1.056261792117414,1.0801316841864714,1.0950723002263911,1.0958692929190168
210.thumbnailer,arm64,128,300,4,20,0,1.0,5,0.0,20,76.19155,75.79050000000001,85.99475000000001,87.43495,measured,20,76.19155,75.79050000000001,85.99475000000001,87.43495,70.31533333333333,70.016,71.07169999999999,71.16554,1.08356949171826,1.0824740059414992,1.209971760911868,1.2286135958499016
210.thumbnailer,arm64,128,900,1,5,0,1.0,5,0.0,5,69.9546,70.627,70.876,70.9136,measured,5,69.9546,70.627,70.876,70.9136,70.45733333333334,70.303,70.9141,70.96842,0.9928647124500879,1.0046086226761304,0.9994627302609778,0.9992275437441048
210.thumbnailer,arm64,128,900,2,10,0,1.0,5,0.0,10,69.2624,70.36449999999999,74.07815,74.50762999999999,measured,10,69.2624,70.36449999999999,74.07815,74.50762999999999,70.45733333333334,70.303,70.9141,70.96842,0.9830403270064152,1.000874784859821,1.0446180660827675,1.0498702098764492
210.thumbnailer,arm64,128,900,4,20,0,1.0,5,0.0,20,75.67564999999999,75.44749999999999,85.98259999999999,87.35972,measured,20,75.67564999999999,75.44749999999999,85.98259999999999,87.35972,70.45733333333334,70.303,70.9141,70.96842,1.0740634994228184,1.073176109127633,1.2124894767049146,1.2309661114056083
210.thumbnailer,arm64,256,60,1,5,0,1.0,5,0.0,5,69.17999999999999,70.175,70.7218,70.73156,measured,5,69.17999999999999,70.175,70.7218,70.73156,70.943,70.468,72.22840000000001,72.38488000000001,0.9751490633325345,0.9958420843503434,0.9791411688477107,0.9771593183548829
210.thumbnailer,arm64,256,60,2,10,0,1.0,5,0.0,10,72.24449999999999,71.48849999999999,79.77324999999999,79.92264999999999,measured,10,72.24449999999999,71.48849999999999,79.77324999999999,79.92264999999999,70.943,70.468,72.22840000000001,72.38488000000001,1.0183457141648928,1.0144817505818242,1.1044582186508352,1.1041345927492037
210.thumbnailer,arm64,256,60,4,20,0,1.0,5,0.05,20,106.66605,75.60749999999999,116.75140000000044,594.8886799999992,measured,19,74.67884210526316,75.451,83.1908,84.87416,70.943,70.468,72.22840000000001,72.38488000000001,1.0526597705941836,1.0707129477209512,1.1517740944005403,1.1725399005980253
210.thumbnailer,arm64,256,120,1,5,0,1.0,5,0.0,5,70.64840000000001,70.057,71.8822,72.03404,measured,5,70.64840000000001,70.057,71.8822,72.03404,69.68266666666666,69.922,70.1308,70.14936,1.0138590180245688,1.0019307228054117,1.0249733355387363,1.0268666741934638
210.thumbnailer,arm64,256,120,2,10,0,1.0,5,0.0,10,70.8836,70.71350000000001,74.95195,75.15679,measured,10,70.8836,70.71350000000001,74.95195,75.15679,69.68266666666666,69.922,70.1308,70.14936,1.017234319390762,1.0113197562998772,1.0687451162684585,1.0713824046292082
210.thumbnailer,arm64,256,120,4,20,0,1.0,5,0.1,20,138.0546,78.2275,685.6918000000001,707.9263599999999,measured,18,75.74322222222222,76.327,84.62794999999998,95.28558999999997,69.68266666666666,69.922,70.1308,70.14936,1.0869736456061128,1.0916020708789795,1.2067158794709314,1.3583244380276593
210.thumbnailer,arm64,256,300,1,5,0,1.0,5,0.0,5,73.36359999999999,73.234,74.225,74.225,measured,5,73.36359999999999,73.234,74.225,74.225,70.63799999999999,71.041,71.47749999999999,71.5163,1.0385854639146068,1.0308694978955815,1.0384386695113847,1.0378752815791643
210.thumbnailer,arm64,256,300,2,10,0,1.0,5,0.0,10,70.7071,69.098,76.16669999999999,76.30134,measured,10,70.7071,69.098,76.16669999999999,76.30134,70.63799999999999,71.041,71.47749999999999,71.5163,1.00097822701662,0.972649596711758,1.0656038613549719,1.0669083831238473
210.thumbnailer,arm64,256,300,4,20,0,1.0,5,0.0,20,77.30515,79.6465,84.3639,89.89518,measured,20,77.30515,79.6465,84.3639,89.89518,70.63799999999999,71.041,71.47749999999999,71.5163,1.0943847504176223,1.1211342745738377,1.1802861040187473,1.2569886864952464
210.thumbnailer,arm64,256,900,1,5,0,1.0,5,0.0,5,70.6014,70.568,70.9534,70.98908,measured,5,70.6014,70.568,70.9534,70.98908,71.60933333333334,70.223,74.7689,75.17298,0.9859245535963653,1.004912920268288,0.9489694244532152,0.9443430338932952
210.thumbnailer,arm64,256,900,2,10,0,1.0,5,0.0,10,70.6446,71.575,74.81155,74.90551,measured,10,70.6446,71.575,74.81155,74.90551,71.60933333333334,70.223,74.7689,75.17298,0.9865278269126928,1.0192529513122481,1.0005704243341818,0.9964419396437392
210.thumbnailer,arm64,256,900,4,20,0,1.0,5,0.0,20,75.93695,75.417,86.9597,89.78233999999999,measured,20,75.93695,75.417,86.9597,89.78233999999999,71.60933333333334,70.223,74.7689,75.17298,1.0604336957938443,1.0739643706477935,1.1630464003081495,1.1943432334330766
210.thumbnailer,arm64,512,60,1,5,0,1.0,5,0.0,5,70.3586,70.343,71.4806,71.54972,measured,5,70.3586,70.343,71.4806,71.54972,69.252,69.751,70.1893,70.22826,1.0159793218968405,1.0084873335149316,1.0183973910553317,1.0188166416197695
210.thumbnailer,arm64,512,60,2,10,0,1.0,5,0.0,10,71.05199999999999,72.26650000000001,75.0646,75.37132,measured,10,71.05199999999999,72.26650000000001,75.0646,75.37132,69.252,69.751,70.1893,70.22826,1.0259920291110725,1.0360639990824505,1.0694593050507697,1.0732334817920877
210.thumbnailer,arm64,512,60,4,20,0,1.0,5,0.0,20,76.26685,75.515,88.19625,89.85685000000001,measured,20,76.26685,75.515,88.19625,89.85685000000001,69.252,69.751,70.1893,70.22826,1.1012945474498932,1.0826368080744362,1.256548362784641,1.2794970286890206
210.thumbnailer,arm64,512,120,1,5,0,1.0,5,0.0,5,70.40119999999999,70.351,70.8384,70.84527999999999,measured,5,70.40119999999999,70.351,70.8384,70.84527999999999,71.78066666666666,72.967,73.0345,73.0405,0.9807821976205291,0.9641481765729714,0.9699306492137277,0.9699451674071233
210.thumbnailer,arm64,512,120,2,10,0,1.0,5,0.0,10,69.85510000000001,71.08850000000001,74.63835,75.64527000000001,measured,10,69.85510000000001,71.08850000000001,74.63835,75.64527000000001,71.78066666666666,72.967,73.0345,73.0405,0.9731742994863986,0.9742554853563942,1.0219601695089309,1.0356619957420885
210.thumbnailer,arm64,512,120,4,20,0,1.0,5,0.15,20,182.62240000000003,81.6675,754.25385,774.8475699999999,measured,17,82.65964705882352,78.42,103.53779999999995,145.72915999999998,71.78066666666666,72.967,73.0345,73.0405,1.1515586424221498,1.074732413282717,1.417656039269112,1.9951829464475188
210.thumbnailer,arm64,512,300,1,5,0,1.0,5,0.0,5,73.03479999999999,72.987,74.4916,74.74472,measured,5,73.03479999999999,72.987,74.4916,74.74472,73.027,73.0,73.0954,73.10387999999999,1.00010680981007,0.999821917808219,1.0191010651833086,1.0224453202757502
210.thumbnailer,arm64,512,300,2,10,0,1.0,5,0.0,10,70.9602,71.4265,76.31954999999999,76.40630999999999,measured,10,70.9602,71.4265,76.31954999999999,76.40630999999999,73.027,73.0,73.0954,73.10387999999999,0.971698139044463,0.9784452054794521,1.044108794807881,1.0451744832148444
210.thumbnailer,arm64,512,300,4,20,0,1.0,5,0.0,20,76.9965,75.52850000000001,88.3778,92.37235999999999,measured,20,76.9965,75.52850000000001,88.3778,92.37235999999999,73.027,73.0,73.0954,73.10387999999999,1.0543566078299806,1.03463698630137,1.2090747160560034,1.2635767075564253
210.thumbnailer,arm64,512,900,1,5,0,1.0,5,0.0,5,70.7576,70.631,71.6266,71.72772,measured,5,70.7576,70.631,71.6266,71.72772,71.10433333333333,70.039,72.92710000000001,73.18382000000001,0.9951235977179075,1.0084524336441125,0.9821671230585062,0.9801035256153613
210.thumbnailer,arm64,512,900,2,10,0,1.0,5,0.1,10,126.93820000000001,73.5115,384.8716499999994,587.7543300000001,measured,9,70.10077777777778,73.173,74.774,74.8844,71.10433333333333,70.039,72.92710000000001,73.18382000000001,0.985886154774127,1.0447464983794743,1.0253252905984194,1.0232371035018395
210.thumbnailer,arm64,512,900,4,20,0,1.0,5,0.0,20,74.455,73.932,86.51095,88.18218999999999,measured,20,74.455,73.932,86.51095,88.18218999999999,71.10433333333333,70.039,72.92710000000001,73.18382000000001,1.0471232414339493,1.0555833178657605,1.1862661479751695,1.2049410648419279
210.thumbnailer,arm64,1024,60,1,5,0,1.0,5,0.0,5,70.663,70.928,71.01400000000001,71.0276,measured,5,70.663,70.928,71.01400000000001,71.0276,71.68233333333333,72.348,72.5649,72.58418,0.9857798527763698,0.980372643334992,0.9786274080168238,0.9785548310940484
210.thumbnailer,arm64,1024,60,2,10,0,1.0,5,0.0,10,70.096,70.40549999999999,74.4174,74.53547999999999,measured,10,70.096,70.40549999999999,74.4174,74.53547999999999,71.68233333333333,72.348,72.5649,72.58418,0.9778699540100537,0.9731506054071984,1.0255288713965016,1.026883268502861
210.thumbnailer,arm64,1024,60,4,20,0,1.0,5,0.0,20,77.304,77.687,87.15505,87.42941,measured,20,77.304,77.687,87.15505,87.42941,71.68233333333333,72.348,72.5649,72.58418,1.0784247164573326,1.0737960966439983,1.2010634618114269,1.2045243192111559
210.thumbnailer,arm64,1024,120,1,5,0,1.0,5,0.0,5,69.7314,70.545,71.72619999999999,71.89484,measured,5,69.7314,70.545,71.72619999999999,71.89484,72.49666666666667,73.029,73.9164,73.99528,0.9618566370867625,0.9659861151049584,0.97036922793859,0.9716138651005849
210.thumbnailer,arm64,1024,120,2,10,0,1.0,5,0.0,10,70.8934,72.247,73.8023,73.97006,measured,10,70.8934,72.247,73.8023,73.97006,72.49666666666667,73.029,73.9164,73.99528,0.9778849602280564,0.989291925125635,0.9984563642168721,0.9996591674495996
210.thumbnailer,arm64,1024,120,4,20,0,1.0,5,0.0,20,71.96445,71.18100000000001,78.98925000000001,87.86984999999999,measured,20,71.96445,71.18100000000001,78.98925000000001,87.86984999999999,72.49666666666667,73.029,73.9164,73.99528,0.9926587429307094,0.9746949841843653,1.0686295598811633,1.1875061490408576
210.thumbnailer,arm64,1024,300,1,5,0,1.0,5,0.0,5,73.627,72.863,75.382,75.44120000000001,measured,5,73.627,72.863,75.382,75.44120000000001,72.18166666666667,71.681,73.1957,73.33034,1.0200235516867162,1.0164897253107519,1.0298692409526788,1.0287856295225142
210.thumbnailer,arm64,1024,300,2,10,0,1.0,5,0.1,10,135.0357,72.124,422.9990499999993,651.28621,measured,9,71.33322222222222,70.865,74.111,74.2038,72.18166666666667,71.681,73.1957,73.33034,0.9882457072048149,0.9886162302423236,1.012504832934175,1.011911304379606
210.thumbnailer,arm64,1024,300,4,20,0,1.0,5,0.0,20,80.73255,81.179,86.92139999999999,88.46267999999999,measured,20,80.73255,81.179,86.92139999999999,88.46267999999999,72.18166666666667,71.681,73.1957,73.33034,1.1184633678912004,1.1325037318117772,1.1875205783946323,1.2063585140884385
210.thumbnailer,arm64,1024,900,1,5,0,1.0,5,0.2,5,181.735,70.384,515.6469999999999,604.5318,measured,4,70.4805,70.343,71.09715,71.19783,70.596,70.638,70.9863,71.01726000000001,0.9983639299677036,0.9958237775701464,1.001561568922454,1.0025426213289557
210.thumbnailer,arm64,1024,900,2,10,0,1.0,5,0.0,10,69.53,69.4275,73.5877,73.75834,measured,10,69.53,69.4275,73.5877,73.75834,70.596,70.638,70.9863,71.01726000000001,0.9848999943339566,0.9828633313513971,1.0366465078472888,1.0385973775952493
210.thumbnailer,arm64,1024,900,4,20,0,1.0,5,0.0,20,76.25995,77.3075,84.29145000000001,84.67829,measured,20,76.25995,77.3075,84.29145000000001,84.67829,70.596,70.638,70.9863,71.01726000000001,1.080230466315372,1.094418018630199,1.187432645454123,1.1923621102813597
210.thumbnailer,arm64,2048,60,1,5,0,1.0,5,0.0,5,69.56320000000001,69.793,71.3554,71.47348,measured,5,69.56320000000001,69.793,71.3554,71.47348,71.25566666666667,71.6,71.6918,71.69996,0.976247970921611,0.9747625698324024,0.9953076920930986,0.996841281361942
210.thumbnailer,arm64,2048,60,2,10,0,1.0,5,0.0,10,70.5518,71.5,74.03965,74.63833,measured,10,70.5518,71.5,74.03965,74.63833,71.25566666666667,71.6,71.6918,71.69996,0.9901219552129187,0.9986033519553074,1.0327492126017201,1.0409814733508915
210.thumbnailer,arm64,2048,60,4,20,0,1.0,5,0.05,20,166.0116,81.184,212.77045000000112,1384.530089999998,measured,19,86.46115789473684,80.739,132.67229999999998,135.07926,71.25566666666667,71.6,71.6918,71.69996,1.2133934315596444,1.1276396648044695,1.8505923968989477,1.8839516786341304
210.thumbnailer,arm64,2048,120,1,5,0,1.0,5,0.0,5,71.2268,71.29,72.2732,72.30104,measured,5,71.2268,71.29,72.2732,72.30104,72.42833333333333,72.726,72.8232,72.83184,0.9834107278459167,0.9802546544564531,0.9924474617978887,0.9927119787170007
210.thumbnailer,arm64,2048,120,2,10,0,1.0,5,0.1,10,129.7307,72.475,395.4461999999994,592.6700400000001,measured,9,72.81455555555556,72.327,86.146,92.5348,72.42833333333333,72.726,72.8232,72.83184,1.0053324742465735,0.9945136539889448,1.182947192652891,1.270526736658033
210.thumbnailer,arm64,2048,120,4,20,0,1.0,5,0.0,20,73.3292,72.5075,88.91845,89.98929,measured,20,73.3292,72.5075,88.91845,89.98929,72.42833333333333,72.726,72.8232,72.83184,1.0124380422026371,0.9969955724225174,1.2210181645409706,1.235576226002254
210.thumbnailer,arm64,2048,300,1,5,0,1.0,5,0.0,5,72.62719999999999,71.97,74.3018,74.58596,measured,5,72.62719999999999,71.97,74.3018,74.58596,72.163,72.366,72.3849,72.38658,1.0064326593960893,0.9945278169306028,1.0264820425254437,1.0303838087115043
210.thumbnailer,arm64,2048,300,2,10,0,1.0,5,0.0,10,73.0121,74.0015,75.4468,75.50296,measured,10,73.0121,74.0015,75.4468,75.50296,72.163,72.366,72.3849,72.38658,1.011766417693278,1.0226003924494929,1.0423002587556243,1.043051902714564
210.thumbnailer,arm64,2048,300,4,20,0,1.0,5,0.0,20,78.99249999999999,80.297,85.67264999999999,86.50332999999999,measured,20,78.99249999999999,80.297,85.67264999999999,86.50332999999999,72.163,72.366,72.3849,72.38658,1.0946399124204924,1.1095956664732056,1.183570744727146,1.1950188833344524
210.thumbnailer,arm64,2048,900,1,5,0,1.0,5,0.0,5,70.6246,70.383,71.7442,71.80404,measured,5,70.6246,70.383,71.7442,71.80404,70.35933333333334,69.962,71.1032,71.20464,1.0037701702688104,1.0060175523855805,1.0090150654260288,1.0084179907376822
210.thumbnailer,arm64,2048,900,2,10,0,1.0,5,0.0,10,72.1265,73.1565,74.63535,74.68467,measured,10,72.1265,73.1565,74.63535,74.68467,70.35933333333334,69.962,71.1032,71.20464,1.0251163077156311,1.0456605014150537,1.0496763858729283,1.048873640818913
210.thumbnailer,arm64,2048,900,4,20,0,1.0,5,0.0,20,77.7732,77.9505,84.88839999999999,85.60888,measured,20,77.7732,77.9505,84.88839999999999,85.60888,70.35933333333334,69.962,71.1032,71.20464,1.105371474052246,1.1141834138532347,1.1938759436987363,1.202293558397318
210.thumbnailer,arm64,3008,60,1,5,0,1.0,5,0.0,5,70.37159999999999,70.46,70.7372,70.75384,measured,5,70.37159999999999,70.46,70.7372,70.75384,71.42066666666666,71.187,71.9844,72.05528,0.9853114411328185,0.9897874611937573,0.9826740238162714,0.981938311807268
210.thumbnailer,arm64,3008,60,2,10,0,1.0,5,0.0,10,70.5686,70.7925,74.358,74.538,measured,10,70.5686,70.7925,74.358,74.538,71.42066666666666,71.187,71.9844,72.05528,0.9880697463852668,0.9944582578279743,1.0329738109923818,1.0344557678493513
210.thumbnailer,arm64,3008,60,4,20,0,1.0,5,0.0,20,76.73025,76.943,85.88925,87.41305,measured,20,76.73025,76.943,85.88925,87.41305,71.42066666666666,71.187,71.9844,72.05528,1.0743423938915908,1.0808574599294816,1.1931647690332907,1.213138717939893
210.thumbnailer,arm64,3008,120,1,5,0,1.0,5,0.0,5,70.4628,70.254,71.2962,71.42084,measured,5,70.4628,70.254,71.2962,71.42084,72.25366666666666,72.149,72.4568,72.48416,0.9752141759818419,0.9737349097007582,0.9839821797264025,0.9853303121675135
210.thumbnailer,arm64,3008,120,2,10,0,1.0,5,0.1,10,130.84,73.1,402.29779999999937,615.7043600000002,measured,9,71.03822222222223,72.781,76.11,76.23,72.25366666666666,72.149,72.4568,72.48416,0.9831780932301785,1.0087596501684015,1.0504190082918372,1.0516780493834792
210.thumbnailer,arm64,3008,120,4,20,0,1.0,5,0.0,20,77.05435,77.7555,85.5869,87.37898,measured,20,77.05435,77.7555,85.5869,87.37898,72.25366666666666,72.149,72.4568,72.48416,1.0664420721439742,1.0777072447296567,1.1812128054233695,1.2054906892761121
210.thumbnailer,arm64,3008,300,1,5,0,1.0,5,0.0,5,72.5942,71.891,74.3494,74.41068,measured,5,72.5942,71.891,74.3494,74.41068,71.43566666666666,71.258,71.79169999999999,71.83914,1.0162178556930013,1.0088832131129137,1.035626681078732,1.0357958071324351
210.thumbnailer,arm64,3008,300,2,10,0,1.0,5,0.0,10,73.7937,74.0615,77.80715,77.81183,measured,10,73.7937,74.0615,77.80715,77.81183,71.43566666666666,71.258,71.79169999999999,71.83914,1.0330091877540164,1.039342950966909,1.0837903267369349,1.0831397758937538
210.thumbnailer,arm64,3008,300,4,20,0,1.0,5,0.0,20,76.27145,76.872,88.21825,90.13725,measured,20,76.27145,76.872,88.21825,90.13725,71.43566666666666,71.258,71.79169999999999,71.83914,1.0676942423719245,1.078784136518005,1.2288084834319288,1.2547094800967828
210.thumbnailer,arm64,3008,900,1,5,0,1.0,5,0.0,5,72.204,72.155,74.2166,74.57612,measured,5,72.204,72.155,74.2166,74.57612,70.783,70.21,71.87320000000001,72.02104000000001,1.0200754418433804,1.0277026064663155,1.032604642620615,1.0354768550967883
210.thumbnailer,arm64,3008,900,2,10,0,1.0,5,0.0,10,69.4035,69.2145,75.56244999999998,76.66368999999999,measured,10,69.4035,69.2145,75.56244999999998,76.66368999999999,70.783,70.21,71.87320000000001,72.02104000000001,0.9805108571267112,0.9858211081042587,1.0513299811334402,1.064462412650525
210.thumbnailer,arm64,3008,900,4,20,0,1.0,5,0.0,20,76.7262,76.293,86.4085,88.5441,measured,20,76.7262,76.293,86.4085,88.5441,70.783,70.21,71.87320000000001,72.02104000000001,1.0839636635915404,1.086640079760718,1.202235325545544,1.2294199028506112
311.compression,arm64,128,60,1,5,0,1.0,5,0.0,5,405.9276,407.473,410.2004,410.67848,measured,5,405.9276,407.473,410.2004,410.67848,406.229,408.25,409.906,410.0532,0.9992580539547891,0.9980967544396816,1.000718213444058,1.0015248753088624
311.compression,arm64,128,60,2,10,0,1.0,5,0.0,10,423.33860000000004,422.582,430.2712,430.35184000000004,measured,10,423.33860000000004,422.582,430.2712,430.35184000000004,406.229,408.25,409.906,410.0532,1.042118115644132,1.0351059399877527,1.0496826101594023,1.0495024548034255
311.compression,arm64,128,60,4,20,0,1.0,5,0.0,20,457.45945,456.3675,473.74675,479.36695,measured,20,457.45945,456.3675,473.74675,479.36695,406.229,408.25,409.906,410.0532,1.126112242109746,1.117862829148806,1.155744853698165,1.16903599337842
311.compression,arm64,128,120,1,5,0,1.0,5,0.0,5,407.6432,407.176,408.89259999999996,408.91211999999996,measured,5,407.6432,407.176,408.89259999999996,408.91211999999996,405.0896666666667,407.403,407.997,408.0498,1.0063036249587538,0.9994428121540587,1.002195114179761,1.0021132714683354
311.compression,arm64,128,120,2,10,0,1.0,5,0.0,10,421.0339,420.51,429.79925000000003,430.44545000000005,measured,10,421.0339,420.51,429.79925000000003,430.44545000000005,405.0896666666667,407.403,407.997,408.0498,1.0393597631470892,1.0321720753160875,1.0534372801760798,1.054884599869918
311.compression,arm64,128,120,4,20,0,1.0,5,0.0,20,462.46295,462.757,477.31845,477.72049000000004,measured,20,462.46295,462.757,477.31845,477.72049000000004,405.0896666666667,407.403,407.997,408.0498,1.1416310709809925,1.1358703789613724,1.1699067640203236,1.1707406546945986
311.compression,arm64,128,300,1,5,0,1.0,5,0.0,5,422.31499999999994,426.086,431.645,432.6306,measured,5,422.31499999999994,426.086,431.645,432.6306,402.6883333333333,403.37,403.9271,403.97662,1.0487390993034316,1.0563155415623373,1.068621045728301,1.0709297978680052
311.compression,arm64,128,300,2,10,0,1.0,5,0.0,10,434.985,427.62,457.202,458.5772,measured,10,434.985,427.62,457.202,458.5772,402.6883333333333,403.37,403.9271,403.97662,1.0802026381030825,1.0601185016238193,1.1318923637458342,1.135157772249295
311.compression,arm64,128,300,4,20,0,1.0,5,0.0,20,457.5096,459.557,464.74595,467.64839,measured,20,457.5096,459.557,464.74595,467.64839,402.6883333333333,403.37,403.9271,403.97662,1.1361382044840302,1.139293948484022,1.1505688774038683,1.157612512328065
311.compression,arm64,128,900,1,5,0,1.0,5,0.0,5,413.0406,411.086,421.13320000000004,421.47784,measured,5,413.0406,411.086,421.13320000000004,421.47784,403.0026666666667,403.246,406.3033,406.57506,1.024907858343369,1.0194422263333054,1.0364995804858097,1.0366544371905153
311.compression,arm64,128,900,2,10,0,1.0,5,0.0,10,430.0349,429.6665,440.39500000000004,440.4166,measured,10,430.0349,429.6665,440.39500000000004,440.4166,403.0026666666667,403.246,406.3033,406.57506,1.0670770582163227,1.0655195587804962,1.0839070221679226,1.0832356514932322
311.compression,arm64,128,900,4,20,0,1.0,5,0.0,20,455.7124,456.634,472.82009999999997,472.88242,measured,20,455.7124,456.634,472.82009999999997,472.88242,403.0026666666667,403.246,406.3033,406.57506,1.130792517501952,1.13239560962787,1.1637121825001175,1.163087622738099
311.compression,arm64,256,60,1,5,0,1.0,5,0.0,5,396.5488,396.168,400.3514,400.63508,measured,5,396.5488,396.168,400.3514,400.63508,403.62433333333337,401.41,408.7648,409.41856,0.9824700030473881,0.9869410328591713,0.9794175036598064,0.9785464537806982
311.compression,arm64,256,60,2,10,0,1.0,5,0.0,10,417.581,417.26099999999997,432.2573,432.43226,measured,10,417.581,417.26099999999997,432.2573,432.43226,403.62433333333337,401.41,408.7648,409.41856,1.034578357928536,1.0394883037293539,1.0574719251755533,1.0562106905949744
311.compression,arm64,256,60,4,20,0,1.0,5,0.0,20,456.11580000000004,456.721,460.55600000000004,464.964,measured,20,456.11580000000004,456.721,460.55600000000004,464.964,403.62433333333337,401.41,408.7648,409.41856,1.1300503025503088,1.1377917839615355,1.126701712084798,1.1356690815384627
311.compression,arm64,256,120,1,5,0,1.0,5,0.0,5,397.4696,398.588,402.51640000000003,402.84488000000005,measured,5,397.4696,398.588,402.51640000000003,402.84488000000005,402.944,402.351,404.9547,405.18614,0.9864139930114358,0.9906474694980254,0.9939788326941261,0.9942217668156172
311.compression,arm64,256,120,2,10,0,1.0,5,0.0,10,411.6312,416.51149999999996,418.41355,418.55791,measured,10,411.6312,416.51149999999996,418.41355,418.55791,402.944,402.351,404.9547,405.18614,1.0215593233799236,1.0351943949437181,1.033235445841226,1.033001548374779
311.compression,arm64,256,120,4,20,0,1.0,5,0.05,20,521.53615,452.68600000000004,625.0027000000005,1138.6213399999992,measured,19,482.29984210526317,452.05,562.0043,585.37046,402.944,402.351,404.9547,405.18614,1.1969401259362669,1.1235215023698215,1.387820168527492,1.4446951714587275
311.compression,arm64,256,300,1,5,0,1.0,5,0.0,5,411.7162,407.5,422.73,422.82280000000003,measured,5,411.7162,407.5,422.73,422.82280000000003,395.42266666666666,395.911,396.3565,396.3961,1.0412053600029674,1.0292717302626095,1.0665398448114263,1.0666674066672202
311.compression,arm64,256,300,2,10,0,1.0,5,0.0,10,422.0568,419.698,440.86895,440.98019,measured,10,422.0568,419.698,440.86895,440.98019,395.42266666666666,395.911,396.3565,396.3961,1.067356111772382,1.0600816850251698,1.1123040747407953,1.1124735838722934
311.compression,arm64,256,300,4,20,0,1.0,5,0.0,20,460.86985000000004,458.554,479.7256,480.00832,measured,20,460.86985000000004,458.554,479.7256,480.00832,395.42266666666666,395.911,396.3565,396.3961,1.1655119669417031,1.1582249545983818,1.2103386723820602,1.2109309854461232
311.compression,arm64,256,900,1,5,0,1.0,5,0.0,5,409.6174,406.987,418.205,419.8754,measured,5,409.6174,406.987,418.205,419.8754,402.227,400.729,406.8112,407.35184,1.0183737044007488,1.0156165388579315,1.0280075868117693,1.0307438405089813
311.compression,arm64,256,900,2,10,0,1.0,5,0.0,10,412.6625,412.718,417.69735000000003,417.93387,measured,10,412.6625,412.718,417.69735000000003,417.93387,402.227,400.729,406.8112,407.35184,1.0259443050814592,1.0299179744914893,1.0267597106471014,1.0259776167943664
311.compression,arm64,256,900,4,20,0,1.0,5,0.0,20,498.1421,459.734,653.65535,653.67587,measured,20,498.1421,459.734,653.65535,653.67587,402.227,400.729,406.8112,407.35184,1.2384601232637293,1.1472441475411064,1.6067781565502621,1.6046960043190184
311.compression,arm64,512,60,1,5,0,1.0,5,0.0,5,396.723,397.825,398.9376,399.12111999999996,measured,5,396.723,397.825,398.9376,399.12111999999996,401.77566666666667,401.496,403.683,403.8774,0.9874241595849094,0.9908566959571203,0.9882447365878672,0.988223455929943
311.compression,arm64,512,60,2,10,0,1.0,5,0.0,10,415.08810000000005,413.5,426.87245,427.31129,measured,10,415.08810000000005,413.5,426.87245,427.31129,401.77566666666667,401.496,403.683,403.8774,1.0331339960027446,1.029898180803794,1.057444702898066,1.0580222859709405
311.compression,arm64,512,60,4,20,0,1.0,5,0.0,20,602.6935000000001,443.8095,1288.4132,1349.33784,measured,20,602.6935000000001,443.8095,1288.4132,1349.33784,401.77566666666667,401.496,403.683,403.8774,1.5000746685339332,1.10538959292247,3.1916459201898517,3.340959013799732
311.compression,arm64,512,120,1,5,0,1.0,5,0.0,5,393.2774,393.517,395.9854,396.12588,measured,5,393.2774,393.517,395.9854,396.12588,402.4726666666667,398.694,409.4031,410.35502,0.9771530654669716,0.9870151043155904,0.9672261885657437,0.9653248058230163
311.compression,arm64,512,120,2,10,0,1.0,5,0.0,10,410.04319999999996,409.9685,415.222,415.3156,measured,10,410.04319999999996,409.9685,415.222,415.3156,402.4726666666667,398.694,409.4031,410.35502,1.01881005583816,1.0282785795622709,1.0142131312635394,1.0120885081410727
311.compression,arm64,512,120,4,20,0,1.0,5,0.0,20,626.6547499999999,457.98400000000004,1310.11295,1323.65539,measured,20,626.6547499999999,457.98400000000004,1310.11295,1323.65539,402.4726666666667,398.694,409.4031,410.35502,1.5570119461528646,1.1487105399128155,3.2000562526273004,3.225634695537537
311.compression,arm64,512,300,1,5,0,1.0,5,0.0,5,407.5736,405.678,420.057,422.5018,measured,5,407.5736,405.678,420.057,422.5018,402.934,402.479,403.9775,404.1107,1.0115145408429171,1.0079482407777798,1.0398029593232296,1.0455100545469347
311.compression,arm64,512,300,2,10,0,1.0,5,0.0,10,457.34409999999997,468.1325,486.7635,487.43670000000003,measured,10,457.34409999999997,468.1325,486.7635,487.43670000000003,402.934,402.479,403.9775,404.1107,1.1350347699623262,1.1631227964688842,1.2049272546119525,1.206195975508691
311.compression,arm64,512,300,4,20,0,1.0,5,0.0,20,505.68085,463.649,627.2595,628.4526999999999,measured,20,505.68085,463.649,627.2595,628.4526999999999,402.934,402.479,403.9775,404.1107,1.2549967240292454,1.1519830848317552,1.552708999882419,1.5551498636388492
311.compression,arm64,512,900,1,5,0,1.0,5,0.0,5,396.5824,397.385,399.92240000000004,400.42208000000005,measured,5,396.5824,397.385,399.92240000000004,400.42208000000005,400.3453333333334,400.663,403.8463,404.12926,0.9906007813254556,0.9918185607355807,0.9902836797068589,0.990826746868069
311.compression,arm64,512,900,2,10,0,1.0,5,0.0,10,411.5593,409.93399999999997,421.53435,421.72767,measured,10,411.5593,409.93399999999997,421.53435,421.72767,400.3453333333334,400.663,403.8463,404.12926,1.028010734066256,1.0231391468640727,1.043798965101327,1.043546488071663
311.compression,arm64,512,900,4,20,0,1.0,5,0.0,20,658.4777,455.5105,1394.9928000000004,1745.4105599999996,measured,20,658.4777,455.5105,1394.9928000000004,1745.4105599999996,400.3453333333334,400.663,403.8463,404.12926,1.6447742615541914,1.1368918517557147,3.4542666355987426,4.318941320903118
311.compression,arm64,1024,60,1,5,0,1.0,5,0.0,5,396.8114,397.023,399.6394,400.00468,measured,5,396.8114,397.023,399.6394,400.00468,402.3966666666667,403.207,404.1115,404.1919,0.9861199976805638,0.9846629646806728,0.9889334997890434,0.9896405148148689
311.compression,arm64,1024,60,2,10,0,1.0,5,0.0,10,444.9017,414.49850000000004,570.48425,570.6048499999999,measured,10,444.9017,414.49850000000004,570.48425,570.6048499999999,402.3966666666667,403.207,404.1115,404.1919,1.1056296854679046,1.0280042261171063,1.4117001124689597,1.4117176766778354
311.compression,arm64,1024,60,4,20,0,1.0,5,0.0,20,660.0968,446.6415,1513.25295,1551.0697899999998,measured,20,660.0968,446.6415,1513.25295,1551.0697899999998,402.3966666666667,403.207,404.1115,404.1919,1.6404131909641397,1.1077225841813263,3.7446421346583807,3.8374588654547503
311.compression,arm64,1024,120,1,5,0,1.0,5,0.0,5,401.71680000000003,401.562,404.4364,404.91368,measured,5,401.71680000000003,401.562,404.4364,404.91368,400.59833333333336,399.831,407.2146,407.87092,1.002791990314488,1.0043293291415623,0.9931775530641582,0.9927495689077318
311.compression,arm64,1024,120,2,10,0,1.0,5,0.0,10,446.6224,414.959,551.50585,551.54437,measured,10,446.6224,414.959,551.50585,551.54437,400.59833333333336,399.831,407.2146,407.87092,1.1148883128986224,1.0378359857039599,1.3543371234724884,1.3522522517663185
311.compression,arm64,1024,120,4,20,0,1.0,5,0.0,20,601.59105,456.0465,1269.18185,1301.46437,measured,20,601.59105,456.0465,1269.18185,1301.46437,400.59833333333336,399.831,407.2146,407.87092,1.50173128528576,1.140598152719524,3.1167395520691055,3.1908731566349466
311.compression,arm64,1024,300,1,5,0,1.0,5,0.0,5,403.76840000000004,403.816,408.817,409.74580000000003,measured,5,403.76840000000004,403.816,408.817,409.74580000000003,398.3753333333333,397.837,399.5974,399.75388,1.013537652096934,1.0150287680633023,1.023072222191636,1.0249951795339673
311.compression,arm64,1024,300,2,10,0,1.0,5,0.0,10,453.44300000000004,433.2125,513.72195,514.06359,measured,10,453.44300000000004,433.2125,513.72195,514.06359,398.3753333333333,397.837,399.5974,399.75388,1.1382306133411877,1.0889195826431428,1.2855988302226191,1.285950220170471
311.compression,arm64,1024,300,4,20,0,1.0,5,0.0,20,646.8708,464.314,1111.96165,1112.15393,measured,20,646.8708,464.314,1111.96165,1112.15393,398.3753333333333,397.837,399.5974,399.75388,1.623772221506352,1.1670960720093908,2.7827049174994634,2.782096649068172
311.compression,arm64,1024,900,1,5,0,1.0,5,0.0,5,402.177,401.695,406.487,407.34860000000003,measured,5,402.177,401.695,406.487,407.34860000000003,403.597,401.931,406.9809,407.42978,0.9964816388625288,0.9994128345412522,0.9987864295351453,0.9998007509416715
311.compression,arm64,1024,900,2,10,0,1.0,5,0.1,10,501.0857,417.6735,878.1568499999993,1128.1289700000002,measured,9,424.47055555555556,417.025,466.1158,490.22715999999997,403.597,401.931,406.9809,407.42978,1.0517188075123343,1.0375537094675453,1.1453014134078527,1.2032187730607222
311.compression,arm64,1024,900,4,20,0,1.0,5,0.05,20,844.39025,450.3705,2429.9535500000006,3102.5923099999986,measured,19,716.687,449.797,2384.9396,2385.5487200000002,403.597,401.931,406.9809,407.42978,1.7757490764302015,1.1190900925780793,5.860077463094705,5.855116236226032
311.compression,arm64,2048,60,1,5,0,1.0,5,0.0,5,400.0656,396.79,407.166,407.6404,measured,5,400.0656,396.79,407.166,407.6404,401.5413333333333,397.6,409.7914,410.87508,0.9963248283281756,0.9979627766599598,0.9935933257750162,0.992127339531032
311.compression,arm64,2048,60,2,10,0,1.0,5,0.0,10,411.59799999999996,411.66949999999997,417.66195,417.96759,measured,10,411.59799999999996,411.66949999999997,417.66195,417.96759,401.5413333333333,397.6,409.7914,410.87508,1.0250451593194225,1.0353860663983903,1.0192062351723339,1.017261961956904
311.compression,arm64,2048,60,4,20,0,1.0,5,0.0,20,444.18505000000005,442.8985,456.5324,458.78808,measured,20,444.18505000000005,442.8985,456.5324,458.78808,401.5413333333333,397.6,409.7914,410.87508,1.1062000674069257,1.113929828973843,1.114060470766346,1.1166120856003239
311.compression,arm64,2048,120,1,5,0,1.0,5,0.0,5,400.1884,401.617,403.5912,403.97504000000004,measured,5,400.1884,401.617,403.5912,403.97504000000004,411.4626666666666,405.112,432.2551,434.66782,0.9725995392048531,0.9913727561760698,0.933687537752591,0.929387963433778
311.compression,arm64,2048,120,2,10,0,1.0,5,0.0,10,421.81180000000006,412.5235,457.37014999999997,457.99402999999995,measured,10,421.81180000000006,412.5235,457.37014999999997,457.99402999999995,411.4626666666666,405.112,432.2551,434.66782,1.0251520591580607,1.0182949406583859,1.058102379821545,1.0536644511664102
311.compression,arm64,2048,120,4,20,0,1.0,5,0.0,20,536.725,460.40049999999997,818.8323,823.09286,measured,20,536.725,460.40049999999997,818.8323,823.09286,411.4626666666666,405.112,432.2551,434.66782,1.304431831806531,1.1364770730069707,1.8943265215378604,1.8936135184794678
311.compression,arm64,2048,300,1,5,0,1.0,5,0.0,5,404.5712,404.171,408.437,409.0706,measured,5,404.5712,404.171,408.437,409.0706,401.0513333333333,395.762,410.7803,412.11526,1.008776598839384,1.0212476185182002,0.9942954908012872,0.9926121153582133
311.compression,arm64,2048,300,2,10,0,1.0,5,0.0,10,421.70110000000005,422.8595,428.3291,428.47382,measured,10,421.70110000000005,422.8595,428.3291,428.47382,401.0513333333333,395.762,410.7803,412.11526,1.0514890861851436,1.0684691809724027,1.0427206465353864,1.0396941379943077
311.compression,arm64,2048,300,4,20,0,1.0,5,0.05,20,695.4206,450.4155,1444.4525500000009,2333.068109999999,measured,19,597.5363157894737,450.296,1385.5266,1385.89812,401.0513333333333,395.762,410.7803,412.11526,1.4899247705351282,1.1377949373613434,3.372913939641214,3.362889595498114
311.compression,arm64,2048,900,1,5,0,1.0,5,0.0,5,399.0736,398.147,403.8624,404.90368,measured,5,399.0736,398.147,403.8624,404.90368,399.9636666666667,394.434,409.5405,410.8833,0.9977746311956668,1.0094134886951935,0.9861354371545671,0.9854469140021023
311.compression,arm64,2048,900,2,10,0,1.0,5,0.0,10,416.3298,417.98850000000004,421.17975,421.31835,measured,10,416.3298,417.98850000000004,421.17975,421.31835,399.9636666666667,394.434,409.5405,410.8833,1.0409190501470549,1.0597172150473844,1.028420266127526,1.0253966272175092
311.compression,arm64,2048,900,4,20,0,1.0,5,0.05,20,735.9077500000001,452.89099999999996,1465.0661000000014,3147.9508199999973,measured,19,586.8148947368421,452.808,1321.5909,1347.79818,399.9636666666667,394.434,409.5405,410.8833,1.467170504829627,1.1479943412586135,3.227009050386958,3.2802457048023124
311.compression,arm64,3008,60,1,5,0,1.0,5,0.0,5,400.9748,401.662,403.9212,404.30024,measured,5,400.9748,401.662,403.9212,404.30024,406.85533333333336,400.632,419.7894,421.49228,0.9855463776641329,1.0025709379180894,0.9621996172366429,0.959211494929397
311.compression,arm64,3008,60,2,10,0,1.0,5,0.0,10,412.6175999999999,412.168,418.27549999999997,418.45189999999997,measured,10,412.6175999999999,412.168,418.27549999999997,418.45189999999997,406.85533333333336,400.632,419.7894,421.49228,1.014162937522428,1.0287945046826015,0.9963936678725093,0.9927866294490613
311.compression,arm64,3008,60,4,20,0,1.0,5,0.05,20,745.52485,463.2595,1486.1639500000015,3090.8271899999972,measured,19,600.9738947368421,462.8,1379.3682,1380.34884,406.85533333333336,400.632,419.7894,421.49228,1.4771193726603282,1.15517482377843,3.285857622893765,3.2749089496965404
311.compression,arm64,3008,120,1,5,0,1.0,5,0.0,5,400.3128,399.224,403.5148,403.87576,measured,5,400.3128,399.224,403.5148,403.87576,400.503,401.488,402.505,402.5954,0.9995250971902833,0.9943609771649464,1.0025087887106992,1.0031802648515111
311.compression,arm64,3008,120,2,10,0,1.0,5,0.0,10,409.75820000000004,411.26099999999997,418.1622,419.43084,measured,10,409.75820000000004,411.26099999999997,418.1622,419.43084,400.503,401.488,402.505,402.5954,1.0231089405073122,1.0243419479536124,1.0388993925541297,1.0418172686523492
311.compression,arm64,3008,120,4,20,0,1.0,5,0.05,20,709.3163000000001,464.5675,1434.757450000001,2450.458689999998,measured,19,604.3127368421053,463.879,1349.4103,1364.2300599999999,400.503,401.488,402.505,402.5954,1.5088844199471798,1.1553994141792532,3.352530527571086,3.388588294848873
311.compression,arm64,3008,300,1,5,0,1.0,5,0.0,5,405.8692,404.651,410.01,410.62919999999997,measured,5,405.8692,404.651,410.01,410.62919999999997,399.023,397.918,405.1333,405.77466,1.0171574069665157,1.0169205715750482,1.0120372726705011,1.0119636351860908
311.compression,arm64,3008,300,2,10,0,1.0,5,0.0,10,415.0312,417.427,422.8493,424.83146,measured,10,415.0312,417.427,422.8493,424.83146,399.023,397.918,405.1333,405.77466,1.0401184894103848,1.0490276891218795,1.0437288171572172,1.046963997209683
311.compression,arm64,3008,300,4,20,0,1.0,5,0.05,20,710.72315,459.0175,1449.8066500000007,2205.347729999999,measured,19,622.1173684210526,456.844,1217.3972999999996,1363.55946,399.023,397.918,405.1333,405.77466,1.5591015265311836,1.1480857865188305,3.0049302291369275,3.360385934400142
311.compression,arm64,3008,900,1,5,0,1.0,5,0.0,5,399.12379999999996,397.893,403.947,405.1486,measured,5,399.12379999999996,397.893,403.947,405.1486,401.06200000000007,398.586,406.2495,406.9307,0.9951673307368932,0.9982613538859869,0.9943323007166778,0.9956206302449041
311.compression,arm64,3008,900,2,10,0,1.0,5,0.0,10,432.11800000000005,417.3975,490.50925,490.51465,measured,10,432.11800000000005,417.3975,490.50925,490.51465,401.06200000000007,398.586,406.2495,406.9307,1.0774344116371035,1.0471955863979165,1.2074088706570716,1.2054009441902516
311.compression,arm64,3008,900,4,20,0,1.0,5,0.0,20,477.06800000000004,464.62649999999996,546.2357999999999,547.4639599999999,measured,20,477.06800000000004,464.62649999999996,546.2357999999999,547.4639599999999,401.06200000000007,398.586,406.2495,406.9307,1.1895118460487404,1.1656869533801988,1.3445820856394899,1.3453493678407649
411.image-recognition,arm64,128,60,1,5,5,0.0,5,0.0,0,,,,,prewarm_only,0,,,,,,,,,,,,
411.image-recognition,arm64,128,60,2,5,5,0.0,5,0.0,0,,,,,prewarm_only,0,,,,,,,,,,,,
411.image-recognition,arm64,128,60,4,5,5,0.0,5,0.0,0,,,,,prewarm_only,0,,,,,,,,,,,,
411.image-recognition,arm64,128,120,1,5,5,0.0,5,0.0,0,,,,,prewarm_only,0,,,,,,,,,,,,
411.image-recognition,arm64,128,120,2,5,5,0.0,5,0.0,0,,,,,prewarm_only,0,,,,,,,,,,,,
411.image-recognition,arm64,128,120,4,5,5,0.0,5,0.0,0,,,,,prewarm_only,0,,,,,,,,,,,,
411.image-recognition,arm64,128,300,1,5,5,0.0,5,0.0,0,,,,,prewarm_only,0,,,,,,,,,,,,
411.image-recognition,arm64,128,300,2,5,5,0.0,5,0.0,0,,,,,prewarm_only,0,,,,,,,,,,,,
411.image-recognition,arm64,128,300,4,5,5,0.0,5,0.0,0,,,,,prewarm_only,0,,,,,,,,,,,,
411.image-recognition,arm64,128,900,1,5,5,0.0,5,0.0,0,,,,,prewarm_only,0,,,,,,,,,,,,
411.image-recognition,arm64,128,900,2,5,5,0.0,5,0.0,0,,,,,prewarm_only,0,,,,,,,,,,,,
411.image-recognition,arm64,128,900,4,5,5,0.0,5,0.0,0,,,,,prewarm_only,0,,,,,,,,,,,,
411.image-recognition,arm64,256,60,1,5,5,0.0,5,0.0,0,,,,,prewarm_only,0,,,,,,,,,,,,
411.image-recognition,arm64,256,60,2,5,5,0.0,5,0.0,0,,,,,prewarm_only,0,,,,,,,,,,,,
411.image-recognition,arm64,256,60,4,5,5,0.0,5,0.0,0,,,,,prewarm_only,0,,,,,,,,,,,,
411.image-recognition,arm64,256,120,1,5,5,0.0,5,0.0,0,,,,,prewarm_only,0,,,,,,,,,,,,
411.image-recognition,arm64,256,120,2,5,5,0.0,5,0.0,0,,,,,prewarm_only,0,,,,,,,,,,,,
411.image-recognition,arm64,256,120,4,5,5,0.0,5,0.0,0,,,,,prewarm_only,0,,,,,,,,,,,,
411.image-recognition,arm64,256,300,1,5,5,0.0,5,0.0,0,,,,,prewarm_only,0,,,,,,,,,,,,
411.image-recognition,arm64,256,300,2,5,5,0.0,5,0.0,0,,,,,prewarm_only,0,,,,,,,,,,,,
411.image-recognition,arm64,256,300,4,5,5,0.0,5,0.0,0,,,,,prewarm_only,0,,,,,,,,,,,,
411.image-recognition,arm64,256,900,1,5,5,0.0,5,0.0,0,,,,,prewarm_only,0,,,,,,,,,,,,
411.image-recognition,arm64,256,900,2,5,5,0.0,5,0.0,0,,,,,prewarm_only,0,,,,,,,,,,,,
411.image-recognition,arm64,256,900,4,5,5,0.0,5,0.0,0,,,,,prewarm_only,0,,,,,,,,,,,,
411.image-recognition,arm64,512,60,1,5,0,1.0,5,0.2,5,1688.8290000000002,134.714,6344.944599999999,7582.95132,measured,4,137.923,134.29649999999998,151.88145,154.30509,138.991,138.701,144.52849999999998,145.04649999999998,0.9923160492405982,0.9682446413508193,1.0508754328731014,1.06383187460573
411.image-recognition,arm64,512,60,2,10,0,1.0,5,0.0,10,416.99080000000004,393.44050000000004,569.06055,569.62971,measured,10,416.99080000000004,393.44050000000004,569.06055,569.62971,138.991,138.701,144.52849999999998,145.04649999999998,3.00012806584599,2.836608964607321,3.937358721636218,3.927221339363584
411.image-recognition,arm64,512,60,4,20,0,1.0,5,0.0,20,821.3099500000001,809.549,899.7224500000001,914.61009,measured,20,821.3099500000001,809.549,899.7224500000001,914.61009,138.991,138.701,144.52849999999998,145.04649999999998,5.909087279032455,5.83664861825077,6.225225128607854,6.305633641625273
411.image-recognition,arm64,512,120,1,5,0,1.0,5,0.0,5,154.1752,148.625,180.893,187.1266,measured,5,154.1752,148.625,180.893,187.1266,130.97166666666666,130.526,132.1595,132.3047,1.1771645266787982,1.1386620290210379,1.3687476117872721,1.4143609410701208
411.image-recognition,arm64,512,120,2,10,0,1.0,5,0.1,10,2133.768,396.27750000000003,9981.722999999982,16222.251000000004,measured,9,395.033,393.33,438.9814,445.86268,130.97166666666666,130.526,132.1595,132.3047,3.0161714365702506,3.013422613119225,3.321603062965583,3.3699685649867317
411.image-recognition,arm64,512,120,4,20,0,1.0,5,0.0,20,820.4298999999999,831.934,940.61295,968.83859,measured,20,820.4298999999999,831.934,940.61295,968.83859,130.97166666666666,130.526,132.1595,132.3047,6.264178511891884,6.373703323475782,7.117255664556842,7.322782864100821
411.image-recognition,arm64,512,300,1,5,0,1.0,5,0.0,5,138.1474,137.647,141.358,142.0644,measured,5,138.1474,137.647,141.358,142.0644,143.487,141.413,152.10500000000002,153.05540000000002,0.9627868726783612,0.9733687850480506,0.929344860458236,0.9281894007006612
411.image-recognition,arm64,512,300,2,10,0,1.0,5,0.0,10,384.8094,391.4445,420.6537,423.47393999999997,measured,10,384.8094,391.4445,420.6537,423.47393999999997,143.487,141.413,152.10500000000002,153.05540000000002,2.681841560559493,2.768094163902894,2.765548141086749,2.7668016940271296
411.image-recognition,arm64,512,300,4,20,0,1.0,5,0.0,20,814.16545,804.74,903.3781,913.35082,measured,20,814.16545,804.74,903.3781,913.35082,143.487,141.413,152.10500000000002,153.05540000000002,5.674140862935318,5.690707360709411,5.939174254626738,5.967452438790136
411.image-recognition,arm64,512,900,1,5,0,1.0,5,0.0,5,133.1954,131.902,139.9856,141.31312,measured,5,133.1954,131.902,139.9856,141.31312,130.94733333333332,129.959,134.486,134.8884,1.0171677162828823,1.014950869120261,1.0408934759008375,1.0476298925630374
411.image-recognition,arm64,512,900,2,10,0,1.0,5,0.0,10,386.7897,390.8425,419.00584999999995,425.77637,measured,10,386.7897,390.8425,419.00584999999995,425.77637,130.94733333333332,129.959,134.486,134.8884,2.953780654817968,3.007429266153171,3.115609431464985,3.1565084173286957
411.image-recognition,arm64,512,900,4,20,0,1.0,5,0.0,20,777.35725,790.403,840.56445,845.57209,measured,20,777.35725,790.403,840.56445,845.57209,130.94733333333332,129.959,134.486,134.8884,5.936411458041656,6.081941227617941,6.250200392605922,6.268679070994986
411.image-recognition,arm64,1024,60,1,5,0,1.0,5,0.0,5,135.34,136.604,144.4024,145.87088,measured,5,135.34,136.604,144.4024,145.87088,148.224,150.188,156.6968,157.27535999999998,0.9130775043177893,0.9095533597890645,0.9215401973748029,0.9274871791741568
411.image-recognition,arm64,1024,60,2,10,0,1.0,5,0.0,10,374.8345,377.72,442.73634999999996,450.99367,measured,10,374.8345,377.72,442.73634999999996,450.99367,148.224,150.188,156.6968,157.27535999999998,2.5288381098877375,2.514981223533172,2.825433257092678,2.867541806930215
411.image-recognition,arm64,1024,60,4,20,0,1.0,5,0.0,20,796.79355,811.618,913.31005,919.61881,measured,20,796.79355,811.618,913.31005,919.61881,148.224,150.188,156.6968,157.27535999999998,5.375604153173575,5.404013636242577,5.828517557474052,5.847189349940131
411.image-recognition,arm64,1024,120,1,5,0,1.0,5,0.0,5,145.40500000000003,145.453,156.7622,156.92124,measured,5,145.40500000000003,145.453,156.7622,156.92124,147.064,135.69,175.31519999999998,178.83744,0.9887191970842629,1.0719507701378141,0.8941734658489396,0.8774518355887896
411.image-recognition,arm64,1024,120,2,10,0,1.0,5,0.0,10,386.60540000000003,389.40049999999997,433.53704999999997,442.98741,measured,10,386.60540000000003,389.40049999999997,433.53704999999997,442.98741,147.064,135.69,175.31519999999998,178.83744,2.6288241853886745,2.869780381752524,2.472900524312781,2.4770395393716216
411.image-recognition,arm64,1024,120,4,20,0,1.0,5,0.0,20,855.7846,869.309,993.8555,1006.8591,measured,20,855.7846,869.309,993.8555,1006.8591,147.064,135.69,175.31519999999998,178.83744,5.81913044660828,6.406581177684427,5.668963672288542,5.630024115755628
411.image-recognition,arm64,1024,300,1,5,0,1.0,5,0.0,5,133.452,132.519,137.9248,138.79775999999998,measured,5,133.452,132.519,137.9248,138.79775999999998,136.08666666666667,136.151,138.7457,138.97634,0.9806397883701562,0.9733237361458968,0.9940834202429337,0.9987150330768532
411.image-recognition,arm64,1024,300,2,10,0,1.0,5,0.0,10,361.1598,363.84950000000003,393.0807,397.79454000000004,measured,10,361.1598,363.84950000000003,393.0807,397.79454000000004,136.08666666666667,136.151,138.7457,138.97634,2.6538955567530493,2.6723968241144025,2.8331018546881093,2.8623184349220887
411.image-recognition,arm64,1024,300,4,20,0,1.0,5,0.0,20,773.6823499999999,777.098,895.0356499999999,911.8415299999999,measured,20,773.6823499999999,777.098,895.0356499999999,911.8415299999999,136.08666666666667,136.151,138.7457,138.97634,5.68521787586342,5.70761874683256,6.450907307397634,6.561127814993545
411.image-recognition,arm64,1024,900,1,5,0,1.0,5,0.0,5,129.321,128.891,133.4164,134.12728,measured,5,129.321,128.891,133.4164,134.12728,135.00733333333332,133.978,137.49519999999998,137.80784,0.9578813002750468,0.9620310797295077,0.9703349644205763,0.9732920855591382
411.image-recognition,arm64,1024,900,2,10,0,1.0,5,0.0,10,406.6524,401.3495,457.9087,459.51214,measured,10,406.6524,401.3495,457.9087,459.51214,135.00733333333332,133.978,137.49519999999998,137.80784,3.012076381036092,2.9956373434444457,3.3303613507962466,3.334441204506217
411.image-recognition,arm64,1024,900,4,20,0,1.0,5,0.05,20,882.77885,794.0085,1061.7394500000012,2367.912689999998,measured,19,787.4274210526315,793.024,904.2398999999998,961.4935800000001,135.00733333333332,133.978,137.49519999999998,137.80784,5.8324788854874425,5.919061338428697,6.576519762144423,6.9770600859864
411.image-recognition,arm64,2048,60,1,5,0,1.0,5,0.0,5,135.7492,132.773,149.613,152.6258,measured,5,135.7492,132.773,149.613,152.6258,136.66466666666668,135.362,140.5343,140.99406000000002,0.9933013653858349,0.9808735095521638,1.0646013108543608,1.0824980853803343
411.image-recognition,arm64,2048,60,2,10,0,1.0,5,0.0,10,377.74719999999996,379.411,423.40844999999996,424.97049,measured,10,377.74719999999996,379.411,423.40844999999996,424.97049,136.66466666666668,135.362,140.5343,140.99406000000002,2.7640443518685633,2.8029358313263693,3.0128477531819633,3.0141020834494725
411.image-recognition,arm64,2048,60,4,20,0,1.0,5,0.0,20,813.05575,817.4175,907.12235,908.9212699999999,measured,20,813.05575,817.4175,907.12235,908.9212699999999,136.66466666666668,135.362,140.5343,140.99406000000002,5.949275477202105,6.038751643740489,6.454811031897551,6.446521718716376
411.image-recognition,arm64,2048,120,1,5,0,1.0,5,0.0,5,129.8306,128.584,134.7672,135.66784,measured,5,129.8306,128.584,134.7672,135.66784,145.208,137.509,158.6554,160.53508,0.8941008759847943,0.9350951574078789,0.8494334261550506,0.8450977817434048
411.image-recognition,arm64,2048,120,2,10,0,1.0,5,0.0,10,403.6827,401.82399999999996,468.219,479.56620000000004,measured,10,403.6827,401.82399999999996,468.219,479.56620000000004,145.208,137.509,158.6554,160.53508,2.7800307145611813,2.92216509464835,2.951169641877932,2.9872984770680655
411.image-recognition,arm64,2048,120,4,20,0,1.0,5,0.0,20,780.3313,790.998,848.00675,852.97335,measured,20,780.3313,790.998,848.00675,852.97335,145.208,137.509,158.6554,160.53508,5.373886424990359,5.752336210720753,5.344959894210976,5.313314385865071
411.image-recognition,arm64,2048,300,1,5,0,1.0,5,0.0,5,130.64679999999998,128.073,138.73579999999998,139.67836,measured,5,130.64679999999998,128.073,138.73579999999998,139.67836,140.971,140.893,142.9567,143.14014,0.9267636606110475,0.909008964249466,0.9704742764767231,0.9758154491116189
411.image-recognition,arm64,2048,300,2,10,0,1.0,5,0.1,10,601.9621999999999,407.567,1606.4917999999975,2357.32076,measured,9,386.06600000000003,404.973,459.2632,459.36624,140.971,140.893,142.9567,143.14014,2.738619999858127,2.8743301654446993,3.2126035365953465,3.2092063064909677
411.image-recognition,arm64,2048,300,4,20,0,1.0,5,0.0,20,783.77005,782.1395,917.0199,931.79278,measured,20,783.77005,782.1395,917.0199,931.79278,140.971,140.893,142.9567,143.14014,5.55979634109143,5.551301342153265,6.414668917231581,6.509653965687053
411.image-recognition,arm64,2048,900,1,5,0,1.0,5,0.0,5,131.0366,130.644,134.6204,135.28088,measured,5,131.0366,130.644,134.6204,135.28088,138.53833333333333,138.193,140.2621,140.44602,0.9458508475391889,0.9453734993813,0.9597774452257594,0.9632233081435843
411.image-recognition,arm64,2048,900,2,10,0,1.0,5,0.0,10,401.8437,395.0575,449.51599999999996,470.23040000000003,measured,10,401.8437,395.0575,449.51599999999996,470.23040000000003,138.53833333333333,138.193,140.2621,140.44602,2.9005957436569907,2.8587374179589413,3.204828674317581,3.348121933252363
411.image-recognition,arm64,2048,900,4,20,0,1.0,5,0.05,20,895.3983000000001,787.5195,1103.7251000000012,2465.9050199999974,measured,19,794.8166315789473,786.842,999.0699,1011.10038,138.53833333333333,138.193,140.2621,140.44602,5.737160340066749,5.693790568263226,7.122878525275181,7.199209917091278
411.image-recognition,arm64,3008,60,1,5,0,1.0,5,0.0,5,140.9098,132.704,155.09060000000002,155.38692,measured,5,140.9098,132.704,155.09060000000002,155.38692,133.783,132.011,138.3713,138.93666,1.0532713423977635,1.0052495625364555,1.1208292471054333,1.1184011476884503
411.image-recognition,arm64,3008,60,2,10,0,1.0,5,0.0,10,425.62039999999996,423.52,478.71160000000003,481.37272,measured,10,425.62039999999996,423.52,478.71160000000003,481.37272,133.783,132.011,138.3713,138.93666,3.181423648744609,3.2082174970267627,3.459616264355398,3.4646918962928868
411.image-recognition,arm64,3008,60,4,20,0,1.0,5,0.05,20,1062.7647499999998,803.942,1200.8053500000037,5225.603469999993,measured,19,790.7101052631579,801.476,926.6299,934.13878,133.783,132.011,138.3713,138.93666,5.910392989117884,6.071281938626327,6.696691438181184,6.723486659316555
411.image-recognition,arm64,3008,120,1,5,0,1.0,5,0.0,5,141.6526,145.221,150.6772,150.95224,measured,5,141.6526,145.221,150.6772,150.95224,131.396,128.593,137.8324,138.65368,1.0780586928064784,1.1293071940152264,1.0931914411996018,1.0886998455432266
411.image-recognition,arm64,3008,120,2,10,0,1.0,5,0.0,10,401.1212,404.146,428.85015,432.50523,measured,10,401.1212,404.146,428.85015,432.50523,131.396,128.593,137.8324,138.65368,3.052765685408993,3.1428304806638003,3.111388541445988,3.1193202372991466
411.image-recognition,arm64,3008,120,4,20,0,1.0,5,0.0,20,790.5276,810.466,871.2528,872.83056,measured,20,790.5276,810.466,871.2528,872.83056,131.396,128.593,137.8324,138.65368,6.016374927699474,6.3025670137565815,6.321103020770153,6.295040708620211
411.image-recognition,arm64,3008,300,1,5,0,1.0,5,0.0,5,139.9712,136.973,150.3178,152.24276,measured,5,139.9712,136.973,150.3178,152.24276,132.15033333333335,129.926,136.0091,136.54982,1.059181588645255,1.0542385665686624,1.105203990027138,1.1149246480149149
411.image-recognition,arm64,3008,300,2,10,0,1.0,5,0.0,10,402.0117,394.507,457.5929999999999,481.8714,measured,10,402.0117,394.507,457.5929999999999,481.8714,132.15033333333335,129.926,136.0091,136.54982,3.0420785923102724,3.036397641734526,3.3644292918635585,3.528905420746801
411.image-recognition,arm64,3008,300,4,20,0,1.0,5,0.0,20,791.0801,814.3820000000001,880.4088,887.15456,measured,20,791.0801,814.3820000000001,880.4088,887.15456,132.15033333333335,129.926,136.0091,136.54982,5.986213428645658,6.268044887089575,6.473160987022193,6.496929545568056
411.image-recognition,arm64,3008,900,1,5,0,1.0,5,0.0,5,135.9184,129.689,154.5736,158.79391999999999,measured,5,135.9184,129.689,154.5736,158.79391999999999,141.332,132.709,157.3132,159.50024,0.9616958650553307,0.9772434424191275,0.9825850596135608,0.9955716681053269
411.image-recognition,arm64,3008,900,2,10,0,1.0,5,0.0,10,399.282,402.19100000000003,435.2435,438.0911,measured,10,399.282,402.19100000000003,435.2435,438.0911,141.332,132.709,157.3132,159.50024,2.825135142784366,3.0306233940426046,2.766732225903484,2.74664853168873
411.image-recognition,arm64,3008,900,4,20,0,1.0,5,0.0,20,803.1338,803.975,881.37915,882.01983,measured,20,803.1338,803.975,881.37915,882.01983,141.332,132.709,157.3132,159.50024,5.682604081170577,6.058179927510568,5.602703078953324,5.529896569434629
