benchmark,architecture,memory_mb,timeout_sec,idle_gap_sec,invocations,failed_invocations,success_rate,cold_probability,successful_invocations,mean_client_latency_ms,p50_latency_ms,p95_latency_ms,profile_source,warm_mean_client_latency_ms,warm_p95_latency_ms,estimated_cold_overhead_ms,estimated_p95_cold_overhead_ms
110.dynamic-html,x64,128,60,-1,1,0,1.0,1.0,1,16804.046,16804.046,16804.046,measured,39.573,48.6128,16764.472999999998,16755.4332
110.dynamic-html,x64,128,60,0,3,0,1.0,0.3333333333333333,3,5921.851,21.436,15956.726199999997,warmup_only,39.573,48.6128,5882.277999999999,15908.113399999997
110.dynamic-html,x64,128,120,-1,1,1,0.0,0.0,0,,,,measured,35.84466666666666,45.7379,,
110.dynamic-html,x64,128,120,0,3,2,0.3333333333333333,0.3333333333333333,1,3571.099,3571.099,3571.099,warmup_only,35.84466666666666,45.7379,3535.2543333333333,3525.3611
110.dynamic-html,x64,128,300,-1,1,1,0.0,0.0,0,,,,measured,26.113666666666663,33.2677,,
110.dynamic-html,x64,128,300,0,3,2,0.3333333333333333,0.3333333333333333,1,4638.074,4638.074,4638.074,warmup_only,26.113666666666663,33.2677,4611.9603333333325,4604.806299999999
110.dynamic-html,x64,128,900,-1,1,1,0.0,0.0,0,,,,measured,46.198,53.2736,,
110.dynamic-html,x64,128,900,0,3,2,0.3333333333333333,0.3333333333333333,1,14133.043,14133.043,14133.043,warmup_only,46.198,53.2736,14086.845,14079.7694
110.dynamic-html,x64,256,60,-1,1,0,1.0,1.0,1,16677.006,16677.006,16677.006,measured,24.407666666666668,32.456599999999995,16652.598333333335,16644.5494
110.dynamic-html,x64,256,60,0,3,0,1.0,0.3333333333333333,3,5552.474999999999,19.84,14961.618399999998,warmup_only,24.407666666666668,32.456599999999995,5528.0673333333325,14929.161799999998
110.dynamic-html,x64,256,120,-1,1,1,0.0,0.0,0,,,,measured,16.937,18.4774,,
110.dynamic-html,x64,256,120,0,1,0,1.0,1.0,1,53760.229,53760.229,53760.229,warmup_only,16.937,18.4774,53743.292,53741.751599999996
110.dynamic-html,x64,256,300,-1,1,1,0.0,0.0,0,,,,measured,25.69233333333333,30.5895,,
110.dynamic-html,x64,256,300,0,1,0,1.0,1.0,1,44784.034,44784.034,44784.034,warmup_only,25.69233333333333,30.5895,44758.34166666667,44753.4445
110.dynamic-html,x64,256,900,-1,1,1,0.0,0.0,0,,,,measured,19.915333333333333,23.4129,,
110.dynamic-html,x64,256,900,0,3,1,0.6666666666666666,0.3333333333333333,2,7323.9495,7323.9495,13900.71255,warmup_only,19.915333333333333,23.4129,7304.034166666666,13877.29965
110.dynamic-html,x64,512,60,-1,1,1,0.0,0.0,0,,,,measured,19.053,23.3106,,
110.dynamic-html,x64,512,60,0,1,0,1.0,1.0,1,16345.312,16345.312,16345.312,warmup_only,19.053,23.3106,16326.259,16322.0014
110.dynamic-html,x64,512,120,-1,1,0,1.0,1.0,1,42577.018,42577.018,42577.018,measured,17.93766666666667,18.4552,42559.08033333333,42558.5628
110.dynamic-html,x64,512,120,0,1,0,1.0,0.0,1,19.584,19.584,19.584,measured,17.93766666666667,18.4552,1.646333333333331,1.1287999999999982
110.dynamic-html,x64,512,120,120,1,0,1.0,0.0,1,94.021,94.021,94.021,measured,17.93766666666667,18.4552,76.08333333333333,75.5658
110.dynamic-html,x64,512,120,300,1,0,1.0,0.0,1,98.23,98.23,98.23,measured,17.93766666666667,18.4552,80.29233333333333,79.7748
110.dynamic-html,x64,512,120,600,1,0,1.0,0.0,1,42.434,42.434,42.434,measured,17.93766666666667,18.4552,24.49633333333333,23.978799999999996
110.dynamic-html,x64,512,120,900,1,0,1.0,1.0,1,20859.53,20859.53,20859.53,measured,17.93766666666667,18.4552,20841.592333333334,20841.0748
110.dynamic-html,x64,512,300,-1,1,0,1.0,1.0,1,19144.509,19144.509,19144.509,measured,25.231666666666666,32.1293,19119.27733333333,19112.379699999998
110.dynamic-html,x64,512,300,0,1,0,1.0,0.0,1,15.593,15.593,15.593,measured,25.231666666666666,32.1293,-9.638666666666666,-16.5363
110.dynamic-html,x64,512,300,120,1,0,1.0,0.0,1,41.687,41.687,41.687,measured,25.231666666666666,32.1293,16.455333333333332,9.557699999999997
110.dynamic-html,x64,512,300,300,1,0,1.0,0.0,1,105.233,105.233,105.233,measured,25.231666666666666,32.1293,80.00133333333333,73.1037
110.dynamic-html,x64,512,300,600,1,0,1.0,0.0,1,38.314,38.314,38.314,measured,25.231666666666666,32.1293,13.082333333333334,6.184699999999999
110.dynamic-html,x64,512,300,900,1,0,1.0,1.0,1,38187.664,38187.664,38187.664,measured,25.231666666666666,32.1293,38162.43233333333,38155.5347
110.dynamic-html,x64,512,900,-1,1,0,1.0,1.0,1,46103.405,46103.405,46103.405,measured,42.36966666666667,55.238,46061.03533333333,46048.167
110.dynamic-html,x64,512,900,0,1,0,1.0,1.0,1,4462.221,4462.221,4462.221,warmup_only,42.36966666666667,55.238,4419.851333333333,4406.982999999999
110.dynamic-html,x64,1024,60,-1,1,0,1.0,1.0,1,16659.539,16659.539,16659.539,measured,17.307333333333332,20.0985,16642.231666666667,16639.4405
110.dynamic-html,x64,1024,60,0,3,0,1.0,0.3333333333333333,3,5907.113,36.644,15896.324299999997,warmup_only,17.307333333333332,20.0985,5889.805666666667,15876.225799999997
110.dynamic-html,x64,1024,120,-1,1,0,1.0,1.0,1,15627.536,15627.536,15627.536,measured,17.631,19.2562,15609.905,15608.2798
110.dynamic-html,x64,1024,120,0,1,0,1.0,0.0,1,34.021,34.021,34.021,measured,17.631,19.2562,16.39,14.764800000000001
110.dynamic-html,x64,1024,120,120,1,0,1.0,0.0,1,111.572,111.572,111.572,measured,17.631,19.2562,93.941,92.3158
110.dynamic-html,x64,1024,120,300,1,0,1.0,0.0,1,408.252,408.252,408.252,measured,17.631,19.2562,390.621,388.99580000000003
110.dynamic-html,x64,1024,120,600,1,0,1.0,0.0,1,134.336,134.336,134.336,measured,17.631,19.2562,116.70500000000001,115.0798
110.dynamic-html,x64,1024,120,900,1,0,1.0,1.0,1,13352.206,13352.206,13352.206,measured,17.631,19.2562,13334.575,13332.9498
110.dynamic-html,x64,1024,300,-1,1,0,1.0,1.0,1,18157.865,18157.865,18157.865,measured,16.30966666666667,16.7522,18141.555333333334,18141.112800000003
110.dynamic-html,x64,1024,300,0,1,0,1.0,0.0,1,31.729,31.729,31.729,measured,16.30966666666667,16.7522,15.41933333333333,14.9768
110.dynamic-html,x64,1024,300,120,1,0,1.0,0.0,1,116.763,116.763,116.763,measured,16.30966666666667,16.7522,100.45333333333333,100.0108
110.dynamic-html,x64,1024,300,300,1,0,1.0,0.0,1,68.797,68.797,68.797,measured,16.30966666666667,16.7522,52.487333333333325,52.044799999999995
110.dynamic-html,x64,1024,300,600,1,0,1.0,0.0,1,46.677,46.677,46.677,measured,16.30966666666667,16.7522,30.36733333333333,29.9248
110.dynamic-html,x64,1024,300,900,1,0,1.0,1.0,1,22368.108,22368.108,22368.108,measured,16.30966666666667,16.7522,22351.798333333332,22351.3558
110.dynamic-html,x64,1024,900,0,1,1,0.0,0.0,0,,,,warmup_only,28.502,37.0736,,
110.dynamic-html,x64,2048,60,-1,1,1,0.0,0.0,0,,,,measured,25.99933333333333,31.5677,,
110.dynamic-html,x64,2048,60,0,1,0,1.0,1.0,1,3726.939,3726.939,3726.939,warmup_only,25.99933333333333,31.5677,3700.9396666666667,3695.3713
110.dynamic-html,x64,2048,120,-1,1,0,1.0,1.0,1,39027.984,39027.984,39027.984,measured,46.784333333333336,60.228,38981.19966666666,38967.755999999994
110.dynamic-html,x64,2048,120,0,1,0,1.0,0.0,1,35.465,35.465,35.465,measured,46.784333333333336,60.228,-11.319333333333333,-24.762999999999998
110.dynamic-html,x64,2048,120,120,1,0,1.0,0.0,1,126.549,126.549,126.549,measured,46.784333333333336,60.228,79.76466666666667,66.321
110.dynamic-html,x64,2048,120,300,1,0,1.0,0.0,1,114.604,114.604,114.604,measured,46.784333333333336,60.228,67.81966666666666,54.376
110.dynamic-html,x64,2048,120,600,1,0,1.0,0.0,1,109.299,109.299,109.299,measured,46.784333333333336,60.228,62.51466666666667,49.071000000000005
110.dynamic-html,x64,2048,120,900,1,0,1.0,1.0,1,25166.495,25166.495,25166.495,measured,46.784333333333336,60.228,25119.710666666666,25106.267
110.dynamic-html,x64,2048,300,-1,1,0,1.0,1.0,1,38836.93,38836.93,38836.93,measured,17.344333333333335,18.7827,38819.585666666666,38818.1473
110.dynamic-html,x64,2048,300,0,1,0,1.0,0.0,1,16.38,16.38,16.38,measured,17.344333333333335,18.7827,-0.9643333333333359,-2.4026999999999994
110.dynamic-html,x64,2048,300,120,1,0,1.0,0.0,1,48.745,48.745,48.745,measured,17.344333333333335,18.7827,31.400666666666663,29.9623
110.dynamic-html,x64,2048,300,300,1,0,1.0,0.0,1,45.867,45.867,45.867,measured,17.344333333333335,18.7827,28.522666666666662,27.0843
110.dynamic-html,x64,2048,300,600,1,0,1.0,0.0,1,69.362,69.362,69.362,measured,17.344333333333335,18.7827,52.017666666666656,50.579299999999996
110.dynamic-html,x64,2048,300,900,1,0,1.0,1.0,1,16310.535,16310.535,16310.535,measured,17.344333333333335,18.7827,16293.190666666667,16291.7523
110.dynamic-html,x64,2048,900,0,1,1,0.0,0.0,0,,,,warmup_only,39.08766666666667,50.6722,,
110.dynamic-html,x64,3008,60,-1,1,1,0.0,0.0,0,,,,measured,24.08566666666667,32.1492,,
110.dynamic-html,x64,3008,60,0,1,0,1.0,1.0,1,38306.114,38306.114,38306.114,warmup_only,24.08566666666667,32.1492,38282.028333333335,38273.9648
110.dynamic-html,x64,3008,120,-1,1,0,1.0,1.0,1,24888.044,24888.044,24888.044,measured,34.05766666666667,47.9025,24853.986333333334,24840.1415
110.dynamic-html,x64,3008,120,0,1,0,1.0,0.0,1,19.937,19.937,19.937,measured,34.05766666666667,47.9025,-14.120666666666668,-27.965500000000002
110.dynamic-html,x64,3008,120,120,1,0,1.0,0.0,1,105.253,105.253,105.253,measured,34.05766666666667,47.9025,71.19533333333334,57.3505
110.dynamic-html,x64,3008,120,300,1,0,1.0,0.0,1,53.927,53.927,53.927,measured,34.05766666666667,47.9025,19.86933333333333,6.024499999999996
110.dynamic-html,x64,3008,120,600,1,0,1.0,0.0,1,130.735,130.735,130.735,measured,34.05766666666667,47.9025,96.67733333333334,82.83250000000001
110.dynamic-html,x64,3008,120,900,1,0,1.0,1.0,1,11862.798,11862.798,11862.798,measured,34.05766666666667,47.9025,11828.740333333333,11814.8955
110.dynamic-html,x64,3008,300,-1,1,0,1.0,1.0,1,33289.611,33289.611,33289.611,measured,18.269666666666662,20.6187,33271.34133333333,33268.9923
110.dynamic-html,x64,3008,300,0,1,0,1.0,0.0,1,16.22,16.22,16.22,measured,18.269666666666662,20.6187,-2.0496666666666634,-4.398700000000002
110.dynamic-html,x64,3008,300,120,1,0,1.0,0.0,1,127.921,127.921,127.921,measured,18.269666666666662,20.6187,109.65133333333334,107.3023
110.dynamic-html,x64,3008,300,300,1,0,1.0,0.0,1,57.131,57.131,57.131,measured,18.269666666666662,20.6187,38.861333333333334,36.512299999999996
110.dynamic-html,x64,3008,300,600,1,0,1.0,0.0,1,48.257,48.257,48.257,measured,18.269666666666662,20.6187,29.987333333333336,27.638299999999997
110.dynamic-html,x64,3008,300,900,1,0,1.0,1.0,1,15933.772,15933.772,15933.772,measured,18.269666666666662,20.6187,15915.502333333334,15913.1533
110.dynamic-html,x64,3008,900,-1,1,1,0.0,0.0,0,,,,measured,45.41,62.35099999999999,,
110.dynamic-html,x64,3008,900,0,1,0,1.0,1.0,1,23320.286,23320.286,23320.286,warmup_only,45.41,62.35099999999999,23274.876,23257.935
120.uploader,x64,128,60,-1,1,0,1.0,1.0,1,18084.153,18084.153,18084.153,measured,1339.0873333333332,2598.5008,16745.065666666665,15485.652199999999
120.uploader,x64,128,60,0,3,0,1.0,0.3333333333333333,3,16070.351999999999,17270.676,29194.0461,warmup_only,1339.0873333333332,2598.5008,14731.264666666666,26595.545299999998
120.uploader,x64,128,120,-1,1,1,0.0,0.0,0,,,,measured,2567.7233333333334,6220.7595,,
120.uploader,x64,128,120,0,3,1,0.6666666666666666,0.3333333333333333,2,18650.2135,18650.2135,34531.98565,warmup_only,2567.7233333333334,6220.7595,16082.490166666668,28311.226150000002
120.uploader,x64,128,300,0,3,3,0.0,0.0,0,,,,warmup_only,11152.217000000002,29587.6445,,
120.uploader,x64,128,900,0,1,1,0.0,0.0,0,,,,warmup_only,397.615,449.6793,,
120.uploader,x64,256,60,-1,1,0,1.0,1.0,1,40580.322,40580.322,40580.322,measured,476.9646666666667,827.9646,40103.35733333333,39752.3574
120.uploader,x64,256,60,0,3,0,1.0,0.3333333333333333,3,6439.595333333332,1411.61,15580.701499999997,warmup_only,476.9646666666667,827.9646,5962.630666666665,14752.736899999998
120.uploader,x64,256,120,-1,1,1,0.0,0.0,0,,,,measured,22088.682,22088.682,,
120.uploader,x64,256,120,0,3,1,0.6666666666666666,0.3333333333333333,2,7580.1155,7580.1155,13865.671849999999,warmup_only,22088.682,22088.682,-14508.5665,-8223.010150000002
120.uploader,x64,256,300,-1,1,1,0.0,0.0,0,,,,measured,2167.305333333333,5147.904399999999,,
120.uploader,x64,256,300,0,1,0,1.0,1.0,1,38409.274,38409.274,38409.274,warmup_only,2167.305333333333,5147.904399999999,36241.96866666667,33261.3696
120.uploader,x64,256,900,0,1,1,0.0,0.0,0,,,,warmup_only,471.9463333333333,590.033,,
120.uploader,x64,512,60,-1,1,1,0.0,0.0,0,,,,measured,638.7325,767.07655,,
120.uploader,x64,512,60,0,1,0,1.0,1.0,1,3667.644,3667.644,3667.644,warmup_only,638.7325,767.07655,3028.9114999999997,2900.5674499999996
120.uploader,x64,512,120,-1,1,0,1.0,1.0,1,28979.757,28979.757,28979.757,measured,562.8083333333334,740.2691,28416.948666666667,28239.4879
120.uploader,x64,512,120,0,1,0,1.0,0.0,1,380.784,380.784,380.784,measured,562.8083333333334,740.2691,-182.0243333333334,-359.4851
120.uploader,x64,512,120,120,1,0,1.0,0.0,1,530.875,530.875,530.875,measured,562.8083333333334,740.2691,-31.933333333333394,-209.39409999999998
120.uploader,x64,512,120,300,1,0,1.0,0.0,1,847.496,847.496,847.496,measured,562.8083333333334,740.2691,284.6876666666666,107.2269
120.uploader,x64,512,120,600,1,0,1.0,0.0,1,953.094,953.094,953.094,measured,562.8083333333334,740.2691,390.28566666666666,212.82490000000007
120.uploader,x64,512,120,900,1,0,1.0,1.0,1,17069.448,17069.448,17069.448,measured,562.8083333333334,740.2691,16506.639666666666,16329.1789
120.uploader,x64,512,300,-1,1,0,1.0,1.0,1,20718.842,20718.842,20718.842,measured,343.449,351.903,20375.393,20366.939000000002
120.uploader,x64,512,300,0,1,0,1.0,0.0,1,1251.337,1251.337,1251.337,measured,343.449,351.903,907.8879999999999,899.434
120.uploader,x64,512,300,120,1,0,1.0,0.0,1,3564.282,3564.282,3564.282,measured,343.449,351.903,3220.833,3212.379
120.uploader,x64,512,300,300,1,0,1.0,0.0,1,914.65,914.65,914.65,measured,343.449,351.903,571.201,562.747
120.uploader,x64,512,300,600,1,0,1.0,0.0,1,993.98,993.98,993.98,measured,343.449,351.903,650.531,642.077
120.uploader,x64,512,300,900,1,0,1.0,1.0,1,19219.298,19219.298,19219.298,measured,343.449,351.903,18875.849,18867.395
120.uploader,x64,512,900,0,1,1,0.0,0.0,0,,,,warmup_only,458.622,492.5193,,
120.uploader,x64,1024,60,-1,1,1,0.0,0.0,0,,,,measured,1026.1726666666666,1908.5971,,
120.uploader,x64,1024,60,0,1,0,1.0,1.0,1,40892.633,40892.633,40892.633,warmup_only,1026.1726666666666,1908.5971,39866.460333333336,38984.0359
120.uploader,x64,1024,120,-1,1,0,1.0,1.0,1,14593.096,14593.096,14593.096,measured,683.413,708.2673,13909.682999999999,13884.8287
120.uploader,x64,1024,120,0,1,0,1.0,0.0,1,736.515,736.515,736.515,measured,683.413,708.2673,53.101999999999975,28.24770000000001
120.uploader,x64,1024,120,120,1,0,1.0,0.0,1,1206.968,1206.968,1206.968,measured,683.413,708.2673,523.5550000000001,498.7007000000001
120.uploader,x64,1024,120,300,1,0,1.0,0.0,1,1353.987,1353.987,1353.987,measured,683.413,708.2673,670.5740000000001,645.7197000000001
120.uploader,x64,1024,120,600,1,0,1.0,0.0,1,1157.365,1157.365,1157.365,measured,683.413,708.2673,473.952,449.09770000000003
120.uploader,x64,1024,120,900,1,0,1.0,1.0,1,18600.343,18600.343,18600.343,measured,683.413,708.2673,17916.93,17892.0757
120.uploader,x64,1024,300,-1,1,0,1.0,1.0,1,31578.738,31578.738,31578.738,measured,330.4736666666667,339.0061,31248.264333333336,31239.731900000002
120.uploader,x64,1024,300,0,1,0,1.0,0.0,1,886.656,886.656,886.656,measured,330.4736666666667,339.0061,556.1823333333332,547.6498999999999
120.uploader,x64,1024,300,120,1,0,1.0,0.0,1,3489.447,3489.447,3489.447,measured,330.4736666666667,339.0061,3158.9733333333334,3150.4409
120.uploader,x64,1024,300,300,1,0,1.0,0.0,1,2475.811,2475.811,2475.811,measured,330.4736666666667,339.0061,2145.3373333333334,2136.8049
120.uploader,x64,1024,300,600,1,0,1.0,0.0,1,5463.919,5463.919,5463.919,measured,330.4736666666667,339.0061,5133.445333333333,5124.9129
120.uploader,x64,1024,300,900,1,0,1.0,1.0,1,32493.155,32493.155,32493.155,measured,330.4736666666667,339.0061,32162.681333333334,32154.1489
120.uploader,x64,1024,900,0,1,1,0.0,0.0,0,,,,warmup_only,1758.3226666666667,3994.3217999999993,,
120.uploader,x64,2048,60,-1,1,0,1.0,1.0,1,52664.394,52664.394,52664.394,measured,725.7296666666667,994.8729,51938.664333333334,51669.5211
120.uploader,x64,2048,60,0,3,0,1.0,0.3333333333333333,3,6171.690999999999,802.523,15780.150199999996,warmup_only,725.7296666666667,994.8729,5445.961333333332,14785.277299999996
120.uploader,x64,2048,120,-1,1,0,1.0,1.0,1,31530.476,31530.476,31530.476,measured,498.892,555.6773000000001,31031.584,30974.7987
120.uploader,x64,2048,120,0,1,0,1.0,0.0,1,545.22,545.22,545.22,measured,498.892,555.6773000000001,46.32800000000003,-10.457300000000032
120.uploader,x64,2048,120,120,1,0,1.0,0.0,1,711.339,711.339,711.339,measured,498.892,555.6773000000001,212.44700000000006,155.6617
120.uploader,x64,2048,120,300,1,0,1.0,0.0,1,709.884,709.884,709.884,measured,498.892,555.6773000000001,210.99200000000002,154.20669999999996
120.uploader,x64,2048,120,600,1,0,1.0,0.0,1,947.805,947.805,947.805,measured,498.892,555.6773000000001,448.91299999999995,392.1276999999999
120.uploader,x64,2048,120,900,1,0,1.0,1.0,1,28483.492,28483.492,28483.492,measured,498.892,555.6773000000001,27984.6,27927.8147
120.uploader,x64,2048,300,-1,1,0,1.0,1.0,1,25249.983,25249.983,25249.983,measured,334.892,343.3301,24915.091,24906.6529
120.uploader,x64,2048,300,0,1,0,1.0,0.0,1,2207.388,2207.388,2207.388,measured,334.892,343.3301,1872.4959999999999,1864.0578999999998
120.uploader,x64,2048,300,120,1,0,1.0,0.0,1,1010.128,1010.128,1010.128,measured,334.892,343.3301,675.2360000000001,666.7979
120.uploader,x64,2048,300,300,1,0,1.0,0.0,1,821.288,821.288,821.288,measured,334.892,343.3301,486.396,477.9579
120.uploader,x64,2048,300,600,1,0,1.0,0.0,1,5377.585,5377.585,5377.585,measured,334.892,343.3301,5042.693,5034.2549
120.uploader,x64,2048,300,900,1,0,1.0,1.0,1,23800.334,23800.334,23800.334,measured,334.892,343.3301,23465.442,23457.0039
120.uploader,x64,2048,900,0,1,1,0.0,0.0,0,,,,warmup_only,477.585,490.7673,,
120.uploader,x64,3008,60,-1,1,0,1.0,1.0,1,18352.612,18352.612,18352.612,measured,506.68433333333337,674.3185,17845.927666666666,17678.2935
120.uploader,x64,3008,60,0,3,0,1.0,0.3333333333333333,3,5995.214,673.395,15223.3404,warmup_only,506.68433333333337,674.3185,5488.529666666666,14549.0219
120.uploader,x64,3008,120,-1,1,0,1.0,1.0,1,34279.519,34279.519,34279.519,measured,448.293,460.0103,33831.226,33819.5087
120.uploader,x64,3008,120,0,1,0,1.0,0.0,1,591.091,591.091,591.091,measured,448.293,460.0103,142.798,131.08070000000004
120.uploader,x64,3008,120,120,1,0,1.0,0.0,1,1060.44,1060.44,1060.44,measured,448.293,460.0103,612.147,600.4297000000001
120.uploader,x64,3008,120,300,1,0,1.0,0.0,1,792.595,792.595,792.595,measured,448.293,460.0103,344.302,332.58470000000005
120.uploader,x64,3008,120,600,1,0,1.0,0.0,1,798.922,798.922,798.922,measured,448.293,460.0103,350.629,338.91170000000005
120.uploader,x64,3008,120,900,1,0,1.0,1.0,1,13898.637,13898.637,13898.637,measured,448.293,460.0103,13450.344000000001,13438.6267
120.uploader,x64,3008,300,-1,1,0,1.0,1.0,1,45967.401,45967.401,45967.401,measured,374.9936666666667,382.4822,45592.40733333333,45584.9188
120.uploader,x64,3008,300,0,1,0,1.0,0.0,1,621.25,621.25,621.25,measured,374.9936666666667,382.4822,246.25633333333332,238.76780000000002
120.uploader,x64,3008,300,120,1,0,1.0,0.0,1,1659.369,1659.369,1659.369,measured,374.9936666666667,382.4822,1284.3753333333332,1276.8868
120.uploader,x64,3008,300,300,1,0,1.0,0.0,1,1850.547,1850.547,1850.547,measured,374.9936666666667,382.4822,1475.5533333333333,1468.0648
120.uploader,x64,3008,300,600,1,0,1.0,0.0,1,2148.383,2148.383,2148.383,measured,374.9936666666667,382.4822,1773.389333333333,1765.9008
120.uploader,x64,3008,300,900,1,0,1.0,1.0,1,19461.758,19461.758,19461.758,measured,374.9936666666667,382.4822,19086.764333333336,19079.275800000003
120.uploader,x64,3008,900,0,1,1,0.0,0.0,0,,,,warmup_only,464.7763333333333,778.1904999999999,,
210.thumbnailer,x64,128,60,-1,1,0,1.0,1.0,1,16805.43,16805.43,16805.43,measured,40.019666666666666,40.6735,16765.410333333333,16764.7565
210.thumbnailer,x64,128,60,0,3,0,1.0,0.3333333333333333,3,5600.06,40.768,15051.947199999999,warmup_only,40.019666666666666,40.6735,5560.040333333333,15011.273699999998
210.thumbnailer,x64,128,120,-1,1,1,0.0,0.0,0,,,,measured,40.77266666666667,41.7879,,
210.thumbnailer,x64,128,120,0,3,2,0.3333333333333333,0.3333333333333333,1,3470.853,3470.853,3470.853,warmup_only,40.77266666666667,41.7879,3430.0803333333333,3429.0651000000003
210.thumbnailer,x64,128,300,-1,1,1,0.0,0.0,0,,,,measured,43.311,45.6408,,
210.thumbnailer,x64,128,300,0,3,2,0.3333333333333333,0.3333333333333333,1,14729.904,14729.904,14729.904,warmup_only,43.311,45.6408,14686.593,14684.263200000001
210.thumbnailer,x64,128,900,0,1,1,0.0,0.0,0,,,,warmup_only,44.46033333333333,49.7725,,
210.thumbnailer,x64,256,60,-1,1,1,0.0,0.0,0,,,,measured,43.11233333333333,46.6956,,
210.thumbnailer,x64,256,60,0,1,0,1.0,1.0,1,29702.36,29702.36,29702.36,warmup_only,43.11233333333333,46.6956,29659.247666666666,29655.6644
210.thumbnailer,x64,256,120,-1,1,1,0.0,0.0,0,,,,measured,46.097,49.4658,,
210.thumbnailer,x64,256,120,0,1,0,1.0,1.0,1,53107.96,53107.96,53107.96,warmup_only,46.097,49.4658,53061.863,53058.4942
210.thumbnailer,x64,256,300,-1,1,1,0.0,0.0,0,,,,measured,41.80733333333333,42.7998,,
210.thumbnailer,x64,256,300,0,1,0,1.0,1.0,1,56992.165,56992.165,56992.165,warmup_only,41.80733333333333,42.7998,56950.35766666667,56949.3652
210.thumbnailer,x64,256,900,-1,1,1,0.0,0.0,0,,,,measured,43.64066666666667,45.976,,
210.thumbnailer,x64,256,900,0,1,0,1.0,1.0,1,48135.751,48135.751,48135.751,warmup_only,43.64066666666667,45.976,48092.11033333333,48089.774999999994
210.thumbnailer,x64,512,60,-1,1,1,0.0,0.0,0,,,,measured,47.805,54.0768,,
210.thumbnailer,x64,512,60,0,1,0,1.0,1.0,1,49268.973,49268.973,49268.973,warmup_only,47.805,54.0768,49221.168,49214.896199999996
210.thumbnailer,x64,512,120,-1,1,0,1.0,1.0,1,46715.664,46715.664,46715.664,measured,47.553,52.6713,46668.111,46662.992699999995
210.thumbnailer,x64,512,120,0,1,0,1.0,0.0,1,44.841,44.841,44.841,measured,47.553,52.6713,-2.711999999999996,-7.830300000000001
210.thumbnailer,x64,512,120,120,1,0,1.0,0.0,1,102.254,102.254,102.254,measured,47.553,52.6713,54.70100000000001,49.5827
210.thumbnailer,x64,512,120,300,1,0,1.0,0.0,1,168.279,168.279,168.279,measured,47.553,52.6713,120.726,115.6077
210.thumbnailer,x64,512,120,600,1,0,1.0,0.0,1,172.214,172.214,172.214,measured,47.553,52.6713,124.661,119.5427
210.thumbnailer,x64,512,120,900,1,0,1.0,1.0,1,22372.152,22372.152,22372.152,measured,47.553,52.6713,22324.599,22319.480699999996
210.thumbnailer,x64,512,300,-1,1,0,1.0,1.0,1,24611.936,24611.936,24611.936,measured,48.441,62.9349,24563.495000000003,24549.0011
210.thumbnailer,x64,512,300,0,1,0,1.0,0.0,1,38.179,38.179,38.179,measured,48.441,62.9349,-10.262,-24.755899999999997
210.thumbnailer,x64,512,300,120,1,0,1.0,0.0,1,152.915,152.915,152.915,measured,48.441,62.9349,104.47399999999999,89.9801
210.thumbnailer,x64,512,300,300,1,0,1.0,0.0,1,67.591,67.591,67.591,measured,48.441,62.9349,19.14999999999999,4.656099999999995
210.thumbnailer,x64,512,300,600,1,0,1.0,0.0,1,71.402,71.402,71.402,measured,48.441,62.9349,22.961,8.467100000000002
210.thumbnailer,x64,512,300,900,1,0,1.0,1.0,1,19392.736,19392.736,19392.736,measured,48.441,62.9349,19344.295000000002,19329.8011
210.thumbnailer,x64,512,900,-1,1,1,0.0,0.0,0,,,,measured,39.164,41.6729,,
210.thumbnailer,x64,512,900,0,1,0,1.0,1.0,1,16521.609,16521.609,16521.609,warmup_only,39.164,41.6729,16482.445,16479.9361
210.thumbnailer,x64,1024,60,-1,1,1,0.0,0.0,0,,,,measured,39.86066666666667,40.1271,,
210.thumbnailer,x64,1024,60,0,1,0,1.0,1.0,1,38059.757,38059.757,38059.757,warmup_only,39.86066666666667,40.1271,38019.89633333333,38019.6299
210.thumbnailer,x64,1024,120,-1,1,0,1.0,1.0,1,42569.165,42569.165,42569.165,measured,38.24466666666667,39.4347,42530.920333333335,42529.7303
210.thumbnailer,x64,1024,120,0,1,0,1.0,0.0,1,40.022,40.022,40.022,measured,38.24466666666667,39.4347,1.7773333333333312,0.587299999999999
210.thumbnailer,x64,1024,120,120,1,0,1.0,0.0,1,166.688,166.688,166.688,measured,38.24466666666667,39.4347,128.44333333333333,127.2533
210.thumbnailer,x64,1024,120,300,1,0,1.0,0.0,1,184.488,184.488,184.488,measured,38.24466666666667,39.4347,146.24333333333334,145.0533
210.thumbnailer,x64,1024,120,600,1,0,1.0,0.0,1,154.346,154.346,154.346,measured,38.24466666666667,39.4347,116.10133333333334,114.91130000000001
210.thumbnailer,x64,1024,120,900,1,0,1.0,1.0,1,9930.708,9930.708,9930.708,measured,38.24466666666667,39.4347,9892.463333333333,9891.2733
210.thumbnailer,x64,1024,300,-1,1,0,1.0,1.0,1,36214.767,36214.767,36214.767,measured,41.20133333333333,45.5408,36173.56566666667,36169.2262
210.thumbnailer,x64,1024,300,0,1,0,1.0,0.0,1,45.852,45.852,45.852,measured,41.20133333333333,45.5408,4.650666666666666,0.3111999999999995
210.thumbnailer,x64,1024,300,120,1,0,1.0,0.0,1,63.628,63.628,63.628,measured,41.20133333333333,45.5408,22.42666666666667,18.087200000000003
210.thumbnailer,x64,1024,300,300,1,0,1.0,0.0,1,68.773,68.773,68.773,measured,41.20133333333333,45.5408,27.571666666666665,23.2322
210.thumbnailer,x64,1024,300,600,1,0,1.0,0.0,1,66.241,66.241,66.241,measured,41.20133333333333,45.5408,25.03966666666667,20.700200000000002
210.thumbnailer,x64,1024,300,900,1,0,1.0,1.0,1,33811.542,33811.542,33811.542,measured,41.20133333333333,45.5408,33770.34066666667,33766.0012
210.thumbnailer,x64,1024,900,-1,1,1,0.0,0.0,0,,,,measured,50.48766666666666,54.5881,,
210.thumbnailer,x64,1024,900,0,1,0,1.0,1.0,1,53779.593,53779.593,53779.593,warmup_only,50.48766666666666,54.5881,53729.10533333333,53725.0049
210.thumbnailer,x64,2048,60,-1,1,1,0.0,0.0,0,,,,measured,42.451,47.1055,,
210.thumbnailer,x64,2048,60,0,1,0,1.0,1.0,1,39932.465,39932.465,39932.465,warmup_only,42.451,47.1055,39890.013999999996,39885.3595
210.thumbnailer,x64,2048,120,-1,1,0,1.0,1.0,1,30474.211,30474.211,30474.211,measured,204.42533333333336,268.007,30269.785666666667,30206.203999999998
210.thumbnailer,x64,2048,120,0,1,0,1.0,0.0,1,41.803,41.803,41.803,measured,204.42533333333336,268.007,-162.62233333333336,-226.204
210.thumbnailer,x64,2048,120,120,1,0,1.0,0.0,1,109.661,109.661,109.661,measured,204.42533333333336,268.007,-94.76433333333335,-158.346
210.thumbnailer,x64,2048,120,300,1,0,1.0,0.0,1,97.582,97.582,97.582,measured,204.42533333333336,268.007,-106.84333333333336,-170.425
210.thumbnailer,x64,2048,120,600,1,0,1.0,0.0,1,64.527,64.527,64.527,measured,204.42533333333336,268.007,-139.89833333333337,-203.48000000000002
210.thumbnailer,x64,2048,120,900,1,0,1.0,1.0,1,10597.352,10597.352,10597.352,measured,204.42533333333336,268.007,10392.926666666668,10329.345000000001
210.thumbnailer,x64,2048,300,-1,1,0,1.0,1.0,1,22523.487,22523.487,22523.487,measured,47.11433333333334,52.740300000000005,22476.372666666666,22470.7467
210.thumbnailer,x64,2048,300,0,1,0,1.0,0.0,1,41.224,41.224,41.224,measured,47.11433333333334,52.740300000000005,-5.890333333333345,-11.516300000000008
210.thumbnailer,x64,2048,300,120,1,0,1.0,0.0,1,73.762,73.762,73.762,measured,47.11433333333334,52.740300000000005,26.64766666666666,21.021699999999996
210.thumbnailer,x64,2048,300,300,1,0,1.0,0.0,1,72.663,72.663,72.663,measured,47.11433333333334,52.740300000000005,25.548666666666655,19.922699999999992
210.thumbnailer,x64,2048,300,600,1,0,1.0,0.0,1,84.717,84.717,84.717,measured,47.11433333333334,52.740300000000005,37.60266666666666,31.976699999999994
210.thumbnailer,x64,2048,300,900,1,0,1.0,1.0,1,15473.999,15473.999,15473.999,measured,47.11433333333334,52.740300000000005,15426.884666666667,15421.2587
210.thumbnailer,x64,2048,900,-1,1,1,0.0,0.0,0,,,,measured,39.36933333333334,39.7143,,
210.thumbnailer,x64,2048,900,0,1,0,1.0,1.0,1,43293.072,43293.072,43293.072,warmup_only,39.36933333333334,39.7143,43253.702666666664,43253.3577
210.thumbnailer,x64,3008,60,-1,1,0,1.0,1.0,1,31398.558,31398.558,31398.558,measured,45.819,47.4453,31352.739,31351.1127
210.thumbnailer,x64,3008,60,0,3,0,1.0,0.3333333333333333,3,5600.179666666667,41.982,15051.8481,warmup_only,45.819,47.4453,5554.3606666666665,15004.4028
210.thumbnailer,x64,3008,120,-1,1,0,1.0,1.0,1,26523.299,26523.299,26523.299,measured,43.437666666666665,46.4031,26479.861333333334,26476.8959
210.thumbnailer,x64,3008,120,0,1,0,1.0,0.0,1,39.134,39.134,39.134,measured,43.437666666666665,46.4031,-4.303666666666665,-7.269100000000002
210.thumbnailer,x64,3008,120,120,1,0,1.0,0.0,1,138.025,138.025,138.025,measured,43.437666666666665,46.4031,94.58733333333333,91.62190000000001
210.thumbnailer,x64,3008,120,300,1,0,1.0,0.0,1,121.041,121.041,121.041,measured,43.437666666666665,46.4031,77.60333333333332,74.6379
210.thumbnailer,x64,3008,120,600,1,0,1.0,0.0,1,67.937,67.937,67.937,measured,43.437666666666665,46.4031,24.499333333333333,21.533899999999996
210.thumbnailer,x64,3008,120,900,1,0,1.0,1.0,1,29905.544,29905.544,29905.544,measured,43.437666666666665,46.4031,29862.106333333337,29859.140900000002
210.thumbnailer,x64,3008,300,-1,1,0,1.0,1.0,1,21416.943,21416.943,21416.943,measured,46.348000000000006,53.6076,21370.594999999998,21363.3354
210.thumbnailer,x64,3008,300,0,1,0,1.0,0.0,1,39.877,39.877,39.877,measured,46.348000000000006,53.6076,-6.471000000000004,-13.730599999999995
210.thumbnailer,x64,3008,300,120,1,0,1.0,0.0,1,85.364,85.364,85.364,measured,46.348000000000006,53.6076,39.016,31.756400000000006
210.thumbnailer,x64,3008,300,300,1,0,1.0,0.0,1,123.022,123.022,123.022,measured,46.348000000000006,53.6076,76.674,69.4144
210.thumbnailer,x64,3008,300,600,1,0,1.0,0.0,1,82.058,82.058,82.058,measured,46.348000000000006,53.6076,35.71,28.45040000000001
210.thumbnailer,x64,3008,300,900,1,0,1.0,1.0,1,16779.056,16779.056,16779.056,measured,46.348000000000006,53.6076,16732.708,16725.4484
210.thumbnailer,x64,3008,900,0,1,1,0.0,0.0,0,,,,warmup_only,44.98566666666667,47.5276,,
311.compression,x64,128,60,-1,1,0,1.0,1.0,1,31697.107,31697.107,31697.107,measured,235.52266666666665,245.9332,31461.584333333332,31451.1738
311.compression,x64,128,60,0,3,0,1.0,0.3333333333333333,3,10729.354,275.631,28547.237399999995,warmup_only,235.52266666666665,245.9332,10493.831333333334,28301.304199999995
311.compression,x64,128,120,-1,1,1,0.0,0.0,0,,,,measured,243.54100000000005,260.9124,,
311.compression,x64,128,120,0,3,2,0.3333333333333333,0.3333333333333333,1,5441.268,5441.268,5441.268,warmup_only,243.54100000000005,260.9124,5197.727,5180.3556
311.compression,x64,128,300,-1,1,1,0.0,0.0,0,,,,measured,242.23433333333327,251.7321,,
311.compression,x64,128,300,0,3,2,0.3333333333333333,0.3333333333333333,1,15049.831,15049.831,15049.831,warmup_only,242.23433333333327,251.7321,14807.596666666666,14798.0989
311.compression,x64,128,900,0,1,1,0.0,0.0,0,,,,warmup_only,255.11366666666663,269.2022,,
311.compression,x64,256,60,-1,1,0,1.0,1.0,1,31683.671,31683.671,31683.671,measured,231.83900000000003,240.684,31451.832,31442.986999999997
311.compression,x64,256,60,0,3,0,1.0,0.3333333333333333,3,10674.181666666665,229.067,28432.154599999994,warmup_only,231.83900000000003,240.684,10442.342666666666,28191.470599999993
311.compression,x64,256,120,-1,1,1,0.0,0.0,0,,,,measured,232.18666666666664,244.6345,,
311.compression,x64,256,120,0,3,1,0.6666666666666666,0.3333333333333333,2,7831.509,7831.509,14660.3859,warmup_only,232.18666666666664,244.6345,7599.3223333333335,14415.7514
311.compression,x64,256,300,-1,1,1,0.0,0.0,0,,,,measured,229.51533333333336,231.6544,,
311.compression,x64,256,300,0,1,0,1.0,1.0,1,57544.34,57544.34,57544.34,warmup_only,229.51533333333336,231.6544,57314.82466666666,57312.6856
311.compression,x64,256,900,-1,1,1,0.0,0.0,0,,,,measured,238.169,240.7866,,
311.compression,x64,256,900,0,1,0,1.0,1.0,1,53396.851,53396.851,53396.851,warmup_only,238.169,240.7866,53158.682,53156.0644
311.compression,x64,512,60,-1,1,1,0.0,0.0,0,,,,measured,250.03566666666663,265.8868,,
311.compression,x64,512,60,0,1,0,1.0,1.0,1,3968.002,3968.002,3968.002,warmup_only,250.03566666666663,265.8868,3717.9663333333333,3702.1152
311.compression,x64,512,120,-1,1,0,1.0,1.0,1,29696.737,29696.737,29696.737,measured,224.26566666666668,226.5318,29472.471333333335,29470.2052
311.compression,x64,512,120,0,1,0,1.0,0.0,1,240.416,240.416,240.416,measured,224.26566666666668,226.5318,16.15033333333332,13.884199999999993
311.compression,x64,512,120,120,1,0,1.0,0.0,1,381.117,381.117,381.117,measured,224.26566666666668,226.5318,156.85133333333334,154.58520000000001
311.compression,x64,512,120,300,1,0,1.0,0.0,1,392.427,392.427,392.427,measured,224.26566666666668,226.5318,168.16133333333335,165.89520000000002
311.compression,x64,512,120,600,1,0,1.0,0.0,1,421.499,421.499,421.499,measured,224.26566666666668,226.5318,197.23333333333335,194.96720000000002
311.compression,x64,512,120,900,1,0,1.0,1.0,1,25880.085,25880.085,25880.085,measured,224.26566666666668,226.5318,25655.819333333333,25653.5532
311.compression,x64,512,300,-1,1,0,1.0,1.0,1,20102.482,20102.482,20102.482,measured,238.65233333333333,245.4626,19863.82966666667,19857.0194
311.compression,x64,512,300,0,1,0,1.0,0.0,1,238.574,238.574,238.574,measured,238.65233333333333,245.4626,-0.07833333333331893,-6.888599999999997
311.compression,x64,512,300,120,1,0,1.0,0.0,1,278.879,278.879,278.879,measured,238.65233333333333,245.4626,40.22666666666669,33.41640000000001
311.compression,x64,512,300,300,1,0,1.0,0.0,1,251.808,251.808,251.808,measured,238.65233333333333,245.4626,13.155666666666662,6.345399999999984
311.compression,x64,512,300,600,1,0,1.0,0.0,1,268.053,268.053,268.053,measured,238.65233333333333,245.4626,29.400666666666666,22.59039999999999
311.compression,x64,512,300,900,1,0,1.0,1.0,1,33220.586,33220.586,33220.586,measured,238.65233333333333,245.4626,32981.93366666667,32975.123400000004
311.compression,x64,512,900,0,1,1,0.0,0.0,0,,,,warmup_only,243.02866666666668,273.5073,,
311.compression,x64,1024,60,-1,1,0,1.0,1.0,1,31627.718,31627.718,31627.718,measured,231.14766666666665,240.9006,31396.570333333333,31386.8174
311.compression,x64,1024,60,0,3,0,1.0,0.3333333333333333,3,10738.463,237.712,28596.2008,warmup_only,231.14766666666665,240.9006,10507.315333333334,28355.300199999998
311.compression,x64,1024,120,-1,1,0,1.0,1.0,1,27992.754,27992.754,27992.754,measured,245.34033333333332,264.5256,27747.413666666667,27728.2284
311.compression,x64,1024,120,0,1,0,1.0,0.0,1,234.801,234.801,234.801,measured,245.34033333333332,264.5256,-10.539333333333332,-29.72460000000001
311.compression,x64,1024,120,120,1,0,1.0,0.0,1,313.374,313.374,313.374,measured,245.34033333333332,264.5256,68.0336666666667,48.84840000000003
311.compression,x64,1024,120,600,1,0,1.0,0.0,1,395.308,395.308,395.308,measured,245.34033333333332,264.5256,149.96766666666667,130.7824
311.compression,x64,1024,120,900,1,0,1.0,1.0,1,10949.399,10949.399,10949.399,measured,245.34033333333332,264.5256,10704.058666666666,10684.873399999999
311.compression,x64,1024,300,-1,1,0,1.0,1.0,1,33820.582,33820.582,33820.582,measured,222.03866666666667,222.6031,33598.543333333335,33597.9789
311.compression,x64,1024,300,0,1,0,1.0,0.0,1,225.7,225.7,225.7,measured,222.03866666666667,222.6031,3.6613333333333173,3.0968999999999767
311.compression,x64,1024,300,120,1,0,1.0,0.0,1,455.168,455.168,455.168,measured,222.03866666666667,222.6031,233.12933333333334,232.5649
311.compression,x64,1024,300,300,1,0,1.0,0.0,1,255.602,255.602,255.602,measured,222.03866666666667,222.6031,33.56333333333333,32.99889999999999
311.compression,x64,1024,300,600,1,0,1.0,0.0,1,243.266,243.266,243.266,measured,222.03866666666667,222.6031,21.22733333333332,20.66289999999998
311.compression,x64,1024,300,900,1,0,1.0,1.0,1,16906.858,16906.858,16906.858,measured,222.03866666666667,222.6031,16684.819333333333,16684.2549
311.compression,x64,1024,900,-1,1,1,0.0,0.0,0,,,,measured,234.83433333333332,237.91,,
311.compression,x64,1024,900,0,1,0,1.0,1.0,1,8850.862,8850.862,8850.862,warmup_only,234.83433333333332,237.91,8616.027666666665,8612.952
311.compression,x64,2048,60,-1,1,1,0.0,0.0,0,,,,measured,234.68866666666668,243.7197,,
311.compression,x64,2048,60,0,1,0,1.0,1.0,1,2610.028,2610.028,2610.028,warmup_only,234.68866666666668,243.7197,2375.3393333333333,2366.3082999999997
311.compression,x64,2048,120,-1,1,0,1.0,1.0,1,33505.716,33505.716,33505.716,measured,228.454,242.9403,33277.262,33262.7757
311.compression,x64,2048,120,0,1,0,1.0,1.0,1,45658.45,45658.45,45658.45,warmup_only,228.454,242.9403,45429.996,45415.509699999995
311.compression,x64,2048,120,600,1,0,1.0,0.0,1,304.269,304.269,304.269,measured,228.454,242.9403,75.815,61.3287
311.compression,x64,2048,120,900,1,0,1.0,1.0,1,18106.939,18106.939,18106.939,measured,228.454,242.9403,17878.484999999997,17863.9987
311.compression,x64,2048,300,-1,1,0,1.0,1.0,1,19487.158,19487.158,19487.158,measured,225.7903333333333,240.55,19261.367666666665,19246.608
311.compression,x64,2048,300,0,1,0,1.0,0.0,1,239.812,239.812,239.812,measured,225.7903333333333,240.55,14.021666666666704,-0.7379999999999995
311.compression,x64,2048,300,120,1,0,1.0,0.0,1,268.504,268.504,268.504,measured,225.7903333333333,240.55,42.71366666666671,27.954000000000008
311.compression,x64,2048,300,300,1,0,1.0,0.0,1,284.387,284.387,284.387,measured,225.7903333333333,240.55,58.59666666666669,43.83699999999999
311.compression,x64,2048,300,600,1,0,1.0,0.0,1,261.977,261.977,261.977,measured,225.7903333333333,240.55,36.18666666666667,21.426999999999964
311.compression,x64,2048,300,900,1,0,1.0,1.0,1,17118.412,17118.412,17118.412,measured,225.7903333333333,240.55,16892.621666666666,16877.862
311.compression,x64,2048,900,0,1,1,0.0,0.0,0,,,,warmup_only,272.388,308.9164,,
311.compression,x64,3008,60,-1,1,1,0.0,0.0,0,,,,measured,238.2023333333333,250.6388,,
311.compression,x64,3008,60,0,1,0,1.0,1.0,1,54396.324,54396.324,54396.324,warmup_only,238.2023333333333,250.6388,54158.121666666666,54145.6852
311.compression,x64,3008,120,-1,1,0,1.0,1.0,1,25084.174,25084.174,25084.174,measured,224.058,229.8765,24860.115999999998,24854.2975
311.compression,x64,3008,120,0,1,0,1.0,1.0,1,26847.137,26847.137,26847.137,warmup_only,224.058,229.8765,26623.078999999998,26617.2605
311.compression,x64,3008,120,600,1,0,1.0,0.0,1,283.402,283.402,283.402,measured,224.058,229.8765,59.343999999999994,53.525499999999994
311.compression,x64,3008,120,900,1,0,1.0,1.0,1,33174.508,33174.508,33174.508,measured,224.058,229.8765,32950.450000000004,32944.6315
311.compression,x64,3008,300,-1,1,0,1.0,1.0,1,32724.845,32724.845,32724.845,measured,230.7443333333333,232.7928,32494.10066666667,32492.052200000002
311.compression,x64,3008,300,0,1,0,1.0,0.0,1,271.435,271.435,271.435,measured,230.7443333333333,232.7928,40.690666666666715,38.6422
311.compression,x64,3008,300,120,1,0,1.0,0.0,1,255.636,255.636,255.636,measured,230.7443333333333,232.7928,24.89166666666671,22.843199999999996
311.compression,x64,3008,300,300,1,0,1.0,0.0,1,296.042,296.042,296.042,measured,230.7443333333333,232.7928,65.29766666666669,63.24919999999997
311.compression,x64,3008,300,600,1,0,1.0,0.0,1,263.826,263.826,263.826,measured,230.7443333333333,232.7928,33.081666666666734,31.033200000000022
311.compression,x64,3008,300,900,1,0,1.0,1.0,1,15941.343,15941.343,15941.343,measured,230.7443333333333,232.7928,15710.598666666667,15708.550200000001
311.compression,x64,3008,900,-1,1,1,0.0,0.0,0,,,,measured,224.194,228.523,,
311.compression,x64,3008,900,0,1,0,1.0,1.0,1,5226.407,5226.407,5226.407,warmup_only,224.194,228.523,5002.213,4997.884
411.image-recognition,x64,128,60,0,3,3,0.0,0.0,0,,,,warmup_only,,,,
411.image-recognition,x64,128,120,0,3,3,0.0,0.0,0,,,,warmup_only,,,,
411.image-recognition,x64,128,300,0,3,3,0.0,0.0,0,,,,warmup_only,,,,
411.image-recognition,x64,128,900,0,1,1,0.0,0.0,0,,,,warmup_only,,,,
411.image-recognition,x64,256,60,0,3,3,0.0,0.0,0,,,,warmup_only,,,,
411.image-recognition,x64,256,120,0,3,3,0.0,0.0,0,,,,warmup_only,,,,
411.image-recognition,x64,256,300,0,3,3,0.0,0.0,0,,,,warmup_only,,,,
411.image-recognition,x64,256,900,0,1,1,0.0,0.0,0,,,,warmup_only,,,,
411.image-recognition,x64,512,60,-1,1,1,0.0,0.0,0,,,,measured,43.415333333333336,48.761,,
411.image-recognition,x64,512,60,0,1,0,1.0,1.0,1,4494.313,4494.313,4494.313,warmup_only,43.415333333333336,48.761,4450.897666666667,4445.552
411.image-recognition,x64,512,120,-1,1,0,1.0,1.0,1,18987.572,18987.572,18987.572,measured,47.90366666666667,49.3015,18939.668333333335,18938.2705
411.image-recognition,x64,512,120,0,1,0,1.0,1.0,1,23541.326,23541.326,23541.326,warmup_only,47.90366666666667,49.3015,23493.422333333336,23492.0245
411.image-recognition,x64,512,120,600,1,0,1.0,0.0,1,114.875,114.875,114.875,measured,47.90366666666667,49.3015,66.97133333333332,65.5735
411.image-recognition,x64,512,120,900,1,0,1.0,1.0,1,33766.771,33766.771,33766.771,measured,47.90366666666667,49.3015,33718.867333333335,33717.4695
411.image-recognition,x64,512,300,-1,1,0,1.0,1.0,1,45953.849,45953.849,45953.849,measured,43.82966666666667,44.5759,45910.01933333334,45909.2731
411.image-recognition,x64,512,300,0,1,0,1.0,0.0,1,41.583,41.583,41.583,measured,43.82966666666667,44.5759,-2.2466666666666697,-2.992899999999999
411.image-recognition,x64,512,300,120,1,0,1.0,0.0,1,65.893,65.893,65.893,measured,43.82966666666667,44.5759,22.063333333333333,21.317100000000003
411.image-recognition,x64,512,300,300,1,0,1.0,0.0,1,68.702,68.702,68.702,measured,43.82966666666667,44.5759,24.87233333333333,24.1261
411.image-recognition,x64,512,300,600,1,0,1.0,0.0,1,60.55,60.55,60.55,measured,43.82966666666667,44.5759,16.72033333333333,15.9741
411.image-recognition,x64,512,300,900,1,0,1.0,1.0,1,25346.936,25346.936,25346.936,measured,43.82966666666667,44.5759,25303.106333333333,25302.3601
411.image-recognition,x64,512,900,0,1,1,0.0,0.0,0,,,,warmup_only,50.27433333333333,52.3835,,
411.image-recognition,x64,1024,60,-1,1,0,1.0,1.0,1,32590.555,32590.555,32590.555,measured,39.49033333333333,39.9779,32551.064666666665,32550.5771
411.image-recognition,x64,1024,60,0,3,0,1.0,0.3333333333333333,3,5989.045999999999,46.19,16092.520399999998,warmup_only,39.49033333333333,39.9779,5949.555666666666,16052.542499999998
411.image-recognition,x64,1024,120,-1,1,0,1.0,1.0,1,29245.886,29245.886,29245.886,measured,45.790333333333336,53.6293,29200.095666666664,29192.256699999998
411.image-recognition,x64,1024,120,0,1,0,1.0,1.0,1,28994.913,28994.913,28994.913,warmup_only,45.790333333333336,53.6293,28949.122666666666,28941.2837
411.image-recognition,x64,1024,120,600,1,0,1.0,0.0,1,175.394,175.394,175.394,measured,45.790333333333336,53.6293,129.60366666666667,121.7647
411.image-recognition,x64,1024,120,900,1,0,1.0,1.0,1,36241.728,36241.728,36241.728,measured,45.790333333333336,53.6293,36195.93766666667,36188.0987
411.image-recognition,x64,1024,300,-1,1,0,1.0,1.0,1,20713.662,20713.662,20713.662,measured,39.07666666666666,39.9677,20674.585333333333,20673.6943
411.image-recognition,x64,1024,300,0,1,0,1.0,0.0,1,48.83,48.83,48.83,measured,39.07666666666666,39.9677,9.753333333333337,8.862299999999998
411.image-recognition,x64,1024,300,120,1,0,1.0,0.0,1,94.839,94.839,94.839,measured,39.07666666666666,39.9677,55.76233333333334,54.8713
411.image-recognition,x64,1024,300,300,1,0,1.0,0.0,1,81.483,81.483,81.483,measured,39.07666666666666,39.9677,42.40633333333334,41.5153
411.image-recognition,x64,1024,300,600,1,0,1.0,0.0,1,79.884,79.884,79.884,measured,39.07666666666666,39.9677,40.80733333333334,39.9163
411.image-recognition,x64,1024,300,900,1,0,1.0,1.0,1,21004.841,21004.841,21004.841,measured,39.07666666666666,39.9677,20965.764333333333,20964.8733
411.image-recognition,x64,1024,900,0,1,1,0.0,0.0,0,,,,warmup_only,38.24733333333334,40.074,,
411.image-recognition,x64,2048,60,-1,1,0,1.0,1.0,1,46886.99,46886.99,46886.99,measured,47.405,47.660900000000005,46839.585,46839.329099999995
411.image-recognition,x64,2048,60,0,1,0,1.0,1.0,1,7968.826,7968.826,7968.826,warmup_only,47.405,47.660900000000005,7921.421,7921.1651
411.image-recognition,x64,2048,120,-1,1,0,1.0,1.0,1,28093.835,28093.835,28093.835,measured,51.71533333333334,60.3269,28042.119666666666,28033.5081
411.image-recognition,x64,2048,120,0,1,0,1.0,1.0,1,30293.729,30293.729,30293.729,warmup_only,51.71533333333334,60.3269,30242.013666666666,30233.4021
411.image-recognition,x64,2048,120,600,1,0,1.0,0.0,1,136.556,136.556,136.556,measured,51.71533333333334,60.3269,84.84066666666666,76.22910000000002
411.image-recognition,x64,2048,120,900,1,0,1.0,1.0,1,38607.011,38607.011,38607.011,measured,51.71533333333334,60.3269,38555.295666666665,38546.6841
411.image-recognition,x64,2048,300,-1,1,0,1.0,1.0,1,19068.163,19068.163,19068.163,measured,46.51266666666667,52.2914,19021.650333333335,19015.871600000002
411.image-recognition,x64,2048,300,0,1,0,1.0,0.0,1,39.199,39.199,39.199,measured,46.51266666666667,52.2914,-7.31366666666667,-13.092400000000005
411.image-recognition,x64,2048,300,120,1,0,1.0,0.0,1,85.907,85.907,85.907,measured,46.51266666666667,52.2914,39.39433333333333,33.61559999999999
411.image-recognition,x64,2048,300,300,1,0,1.0,0.0,1,140.73,140.73,140.73,measured,46.51266666666667,52.2914,94.21733333333333,88.43859999999998
411.image-recognition,x64,2048,300,600,1,0,1.0,0.0,1,68.952,68.952,68.952,measured,46.51266666666667,52.2914,22.43933333333333,16.660599999999995
411.image-recognition,x64,2048,300,900,1,0,1.0,1.0,1,16103.163,16103.163,16103.163,measured,46.51266666666667,52.2914,16056.650333333333,16050.8716
411.image-recognition,x64,2048,900,-1,1,1,0.0,0.0,0,,,,measured,42.153333333333336,45.3655,,
411.image-recognition,x64,2048,900,0,1,0,1.0,1.0,1,4805.435,4805.435,4805.435,warmup_only,42.153333333333336,45.3655,4763.281666666667,4760.0695000000005
411.image-recognition,x64,3008,60,-1,1,0,1.0,1.0,1,32580.957,32580.957,32580.957,measured,42.723000000000006,46.3817,32538.233999999997,32534.575299999997
411.image-recognition,x64,3008,60,0,3,0,1.0,0.3333333333333333,3,10918.531666666666,43.276,29409.767499999998,warmup_only,42.723000000000006,46.3817,10875.808666666666,29363.385799999996
411.image-recognition,x64,3008,120,-1,1,0,1.0,1.0,1,23289.751,23289.751,23289.751,measured,42.48866666666667,43.6237,23247.262333333332,23246.1273
411.image-recognition,x64,3008,120,0,1,0,1.0,1.0,1,31769.747,31769.747,31769.747,warmup_only,42.48866666666667,43.6237,31727.25833333333,31726.1233
411.image-recognition,x64,3008,120,600,1,0,1.0,0.0,1,119.631,119.631,119.631,measured,42.48866666666667,43.6237,77.14233333333334,76.0073
411.image-recognition,x64,3008,120,900,1,0,1.0,1.0,1,33421.17,33421.17,33421.17,measured,42.48866666666667,43.6237,33378.681333333334,33377.5463
411.image-recognition,x64,3008,300,-1,1,0,1.0,1.0,1,16945.402,16945.402,16945.402,measured,43.91033333333333,45.6249,16901.491666666665,16899.7771
411.image-recognition,x64,3008,300,0,1,0,1.0,0.0,1,42.884,42.884,42.884,measured,43.91033333333333,45.6249,-1.0263333333333264,-2.7408999999999963
411.image-recognition,x64,3008,300,120,1,0,1.0,0.0,1,122.761,122.761,122.761,measured,43.91033333333333,45.6249,78.85066666666667,77.1361
411.image-recognition,x64,3008,300,300,1,0,1.0,0.0,1,174.113,174.113,174.113,measured,43.91033333333333,45.6249,130.2026666666667,128.4881
411.image-recognition,x64,3008,300,600,1,0,1.0,0.0,1,111.382,111.382,111.382,measured,43.91033333333333,45.6249,67.47166666666668,65.75710000000001
411.image-recognition,x64,3008,300,900,1,0,1.0,1.0,1,25123.569,25123.569,25123.569,measured,43.91033333333333,45.6249,25079.658666666666,25077.9441
411.image-recognition,x64,3008,900,0,1,1,0.0,0.0,0,,,,warmup_only,43.71233333333333,45.5709,,
